Date,Exercise,Category,Weight_lbs,Reps,Volume,1RM,Workout_Type
44717,Barbell Overhead Press,Push,45,5,225,50.63006301,Strength
44717,Barbell Overhead Press,Push,45,5,225,50.63006301,Strength
44717,Barbell Overhead Press,Push,50,4,200,54.54942178,Strength
44717,Barbell Row,Pull,50,5,250,56.25562556,Strength
44717,Barbell Row,Pull,55,5,275,61.88118812,Strength
44717,Barbell Row,Pull,60,5,300,67.50675068,Strength
44717,Barbell Bench Press,Push,50,5,250,56.25562556,Strength
44717,Barbell Bench Press,Push,50,5,250,56.25562556,Strength
44717,Barbell Bench Press,Push,55,5,275,61.88118812,Strength
44719,Barbell Deadlift,Hinge,85,4,340,92.73401702,Strength
44719,Barbell Deadlift,Hinge,85,4,340,92.73401702,Strength
44719,Barbell Deadlift,Hinge,85,4,340,92.73401702,Strength
44719,Barbell Deadlift,Hinge,95,2,190,97.71651923,Strength
44719,Barbell Squat,Legs,45,5,225,50.63006301,Strength
44719,Barbell Squat,Legs,50,5,250,56.25562556,Strength
44719,Barbell Squat,Legs,55,5,275,61.88118812,Strength
44719,Barbell Squat,Legs,60,3,180,63.53240152,Strength
44721,Barbell Overhead Press,Push,45,5,225,50.63006301,Strength
44721,Barbell Overhead Press,Push,50,4,200,54.54942178,Strength
44721,Barbell Overhead Press,Push,50,4,200,54.54942178,Strength
44721,Barbell Row,Pull,55,5,275,61.88118812,Strength
44721,Barbell Row,Pull,55,5,275,61.88118812,Strength
44721,Barbell Row,Pull,60,5,300,67.50675068,Strength
44721,Barbell Bench Press,Push,50,5,250,56.25562556,Strength
44721,Barbell Bench Press,Push,55,5,275,61.88118812,Strength
44721,Barbell Bench Press,Push,55,5,275,61.88118812,Strength
44721,Barbell Overhead Press,Push,45,6,270,52.26480836,Strength
44721,Barbell Row,Pull,60,5,300,67.50675068,Strength
44721,Barbell Bench Press,Push,50,6,300,58.07200929,Strength
44723,Barbell Deadlift,Hinge,75,5,375,84.38343834,Strength
44723,Barbell Deadlift,Hinge,80,5,400,90.0090009,Strength
44723,Barbell Deadlift,Hinge,80,5,400,90.0090009,Strength
44723,Barbell Deadlift,Hinge,80,5,400,90.0090009,Strength
44723,Barbell Deadlift,Hinge,85,5,425,95.63456346,Strength
44723,Barbell Squat,Legs,50,5,250,56.25562556,Strength
44723,Barbell Squat,Legs,50,5,250,56.25562556,Strength
44723,Barbell Squat,Legs,55,5,275,61.88118812,Strength
44723,Barbell Squat,Legs,55,5,275,61.88118812,Strength
44723,Barbell Squat,Legs,60,5,300,67.50675068,Strength
44724,Barbell Overhead Press,Push,45,5,225,50.63006301,Strength
44724,Barbell Overhead Press,Push,45,5,225,50.63006301,Strength
44724,Barbell Overhead Press,Push,45,5,225,50.63006301,Strength
44724,Barbell Overhead Press,Push,45,5,225,50.63006301,Strength
44724,Barbell Row,Pull,55,5,275,61.88118812,Strength
44724,Barbell Row,Pull,55,5,275,61.88118812,Strength
44724,Barbell Row,Pull,60,5,300,67.50675068,Strength
44724,Barbell Row,Pull,60,5,300,67.50675068,Strength
44724,Barbell Bench Press,Push,55,5,275,61.88118812,Strength
44724,Barbell Bench Press,Push,55,5,275,61.88118812,Strength
44724,Barbell Bench Press,Push,55,5,275,61.88118812,Strength
44724,Barbell Bench Press,Push,55,5,275,61.88118812,Strength
44724,Barbell Overhead Press,Push,45,5,225,50.63006301,Strength
44724,Barbell Row,Pull,65,3,195,68.82676832,Strength
44724,Barbell Bench Press,Push,55,5,275,61.88118812,Strength
44727,Barbell Deadlift,Hinge,88,5,440,99.00990099,Strength
44727,Barbell Deadlift,Hinge,88,5,440,99.00990099,Strength
44727,Barbell Deadlift,Hinge,88,5,440,99.00990099,Strength
44727,Barbell Deadlift,Hinge,88,5,440,99.00990099,Strength
44727,Barbell Squat,Legs,55,5,275,61.88118812,Strength
44727,Barbell Squat,Legs,55,5,275,61.88118812,Strength
44727,Barbell Squat,Legs,55,5,275,61.88118812,Strength
44727,Barbell Squat,Legs,60,5,300,67.50675068,Strength
44727,Barbell Deadlift,Hinge,83,8,664,103.0543829,Strength
44727,Barbell Squat,Legs,60,5,300,67.50675068,Strength
44730,Barbell Deadlift,Hinge,90,5,450,101.260126,Strength
44730,Barbell Deadlift,Hinge,90,5,450,101.260126,Strength
44730,Barbell Deadlift,Hinge,90,5,450,101.260126,Strength
44730,Barbell Deadlift,Hinge,95,3,285,100.5929691,Strength
44730,Barbell Deadlift,Hinge,95,3,285,100.5929691,Strength
44730,Barbell Squat,Legs,55,5,275,61.88118812,Strength
44730,Barbell Squat,Legs,60,5,300,67.50675068,Strength
44730,Barbell Squat,Legs,60,5,300,67.50675068,Strength
44730,Barbell Squat,Legs,60,5,300,67.50675068,Strength
44730,Barbell Squat,Legs,55,5,275,61.88118812,Strength
44731,Barbell Bench Press,Push,55,6,330,63.87921022,Strength
44731,Barbell Bench Press,Push,55,6,330,63.87921022,Strength
44731,Barbell Bench Press,Push,55,6,330,63.87921022,Strength
44731,Barbell Bench Press,Push,55,6,330,63.87921022,Strength
44731,Barbell Row,Pull,60,6,360,69.68641115,Strength
44731,Barbell Row,Pull,60,6,360,69.68641115,Strength
44731,Barbell Row,Pull,60,6,360,69.68641115,Strength
44731,Barbell Row,Pull,60,6,360,69.68641115,Strength
44731,Barbell Overhead Press,Push,45,6,270,52.26480836,Strength
44731,Barbell Overhead Press,Push,45,6,270,52.26480836,Strength
44731,Barbell Overhead Press,Push,45,6,270,52.26480836,Strength
44731,Barbell Overhead Press,Push,45,6,270,52.26480836,Strength
44733,Barbell Deadlift,Hinge,95,3,285,100.5929691,Strength
44733,Barbell Deadlift,Hinge,95,3,285,100.5929691,Strength
44733,Barbell Deadlift,Hinge,95,3,285,100.5929691,Strength
44733,Barbell Deadlift,Hinge,95,4,380,103.6439014,Strength
44733,Barbell Deadlift,Hinge,95,5,475,106.8856886,Strength
44733,Barbell Squat,Legs,60,5,300,67.50675068,Strength
44733,Barbell Squat,Legs,60,5,300,67.50675068,Strength
44733,Barbell Squat,Legs,60,5,300,67.50675068,Strength
44733,Barbell Squat,Legs,60,5,300,67.50675068,Strength
44733,Barbell Squat,Legs,60,5,300,67.50675068,Strength
44735,Barbell Bench Press,Push,60,2,120,61.71569636,Strength
44735,Barbell Bench Press,Push,60,2,120,61.71569636,Strength
44735,Barbell Bench Press,Push,60,2,120,61.71569636,Strength
44735,Barbell Bench Press,Push,60,2,120,61.71569636,Strength
44735,Barbell Row,Pull,65,3,195,68.82676832,Strength
44735,Barbell Overhead Press,Push,50,3,150,52.94366794,Strength
44735,Barbell Overhead Press,Push,50,3,150,52.94366794,Strength
44735,Barbell Overhead Press,Push,50,3,150,52.94366794,Strength
44735,Barbell Overhead Press,Push,45,5,225,50.63006301,Strength
44735,Barbell Bench Press,Push,60,3,180,63.53240152,Strength
44735,Barbell Row,Pull,65,3,195,68.82676832,Strength
44735,Barbell Row,Pull,65,3,195,68.82676832,Strength
44735,Barbell Row,Pull,65,3,195,68.82676832,Strength
44735,Barbell Row,Pull,65,3,195,68.82676832,Strength
44735,Barbell Overhead Press,Push,45,5,225,50.63006301,Strength
44737,Barbell Deadlift,Hinge,95,5,475,106.8856886,Strength
44737,Barbell Deadlift,Hinge,95,5,475,106.8856886,Strength
44737,Barbell Deadlift,Hinge,95,5,475,106.8856886,Strength
44737,Barbell Deadlift,Hinge,100,3,300,105.8873359,Strength
44737,Barbell Deadlift,Hinge,100,3,300,105.8873359,Strength
44737,Barbell Squat,Legs,60,5,300,67.50675068,Strength
44737,Barbell Squat,Legs,60,5,300,67.50675068,Strength
44737,Barbell Squat,Legs,60,5,300,67.50675068,Strength
44737,Barbell Squat,Legs,65,3,195,68.82676832,Strength
44737,Barbell Squat,Legs,65,3,195,68.82676832,Strength
44738,Barbell Overhead Press,Push,45,5,225,50.63006301,Strength
44738,Barbell Overhead Press,Push,50,3,150,52.94366794,Strength
44738,Barbell Overhead Press,Push,50,3,150,52.94366794,Strength
44738,Barbell Overhead Press,Push,50,3,150,52.94366794,Strength
44738,Barbell Overhead Press,Push,50,3,150,52.94366794,Strength
44738,Barbell Bench Press,Push,60,3,180,63.53240152,Strength
44738,Barbell Bench Press,Push,60,3,180,63.53240152,Strength
44738,Barbell Bench Press,Push,60,3,180,63.53240152,Strength
44738,Barbell Bench Press,Push,60,3,180,63.53240152,Strength
44738,Barbell Bench Press,Push,60,3,180,63.53240152,Strength
44738,Barbell Row,Pull,60,6,360,69.68641115,Strength
44738,Barbell Row,Pull,60,6,360,69.68641115,Strength
44738,Barbell Row,Pull,60,5,300,67.50675068,Strength
44738,Barbell Row,Pull,60,5,300,67.50675068,Strength
44738,Barbell Row,Pull,60,5,300,67.50675068,Strength
44740,Barbell Deadlift,Hinge,95,5,475,106.8856886,Strength
44740,Barbell Deadlift,Hinge,100,4,400,109.0988436,Strength
44740,Barbell Deadlift,Hinge,100,4,400,109.0988436,Strength
44740,Barbell Deadlift,Hinge,100,5,500,112.5112511,Strength
44740,Barbell Deadlift,Hinge,105,4,420,114.5537857,Strength
44744,Barbell Deadlift,Hinge,100,5,500,112.5112511,Strength
44744,Barbell Deadlift,Hinge,100,5,500,112.5112511,Strength
44744,Barbell Deadlift,Hinge,105,5,525,118.1368137,Strength
44744,Barbell Deadlift,Hinge,105,5,525,118.1368137,Strength
44744,Barbell Deadlift,Hinge,110,3,330,116.4760695,Strength
44744,Barbell Deadlift,Hinge,115,2,230,118.288418,Strength
44744,Barbell Squat,Legs,60,5,300,67.50675068,Strength
44744,Barbell Squat,Legs,65,3,195,68.82676832,Strength
44744,Barbell Squat,Legs,65,3,195,68.82676832,Strength
44744,Barbell Squat,Legs,65,3,195,68.82676832,Strength
44744,Barbell Squat,Legs,65,5,325,73.13231323,Strength
44745,Barbell Overhead Press,Push,50,3,150,52.94366794,Strength
44745,Barbell Overhead Press,Push,50,3,150,52.94366794,Strength
44745,Barbell Overhead Press,Push,50,3,150,52.94366794,Strength
44745,Barbell Overhead Press,Push,50,3,150,52.94366794,Strength
44745,Barbell Overhead Press,Push,50,3,150,52.94366794,Strength
44745,Barbell Bench Press,Push,60,4,240,65.45930613,Strength
44745,Barbell Bench Press,Push,60,4,240,65.45930613,Strength
44745,Barbell Bench Press,Push,60,4,240,65.45930613,Strength
44745,Barbell Bench Press,Push,60,4,240,65.45930613,Strength
44745,Barbell Bench Press,Push,60,4,240,65.45930613,Strength
44747,Barbell Deadlift,Hinge,105,4,420,114.5537857,Strength
44747,Barbell Deadlift,Hinge,110,3,330,116.4760695,Strength
44747,Barbell Deadlift,Hinge,110,3,330,116.4760695,Strength
44747,Barbell Deadlift,Hinge,110,3,330,116.4760695,Strength
44747,Barbell Deadlift,Hinge,110,4,440,120.0087279,Strength
44747,Barbell Squat,Legs,65,4,260,70.91424831,Strength
44747,Barbell Squat,Legs,65,4,260,70.91424831,Strength
44747,Barbell Squat,Legs,65,5,325,73.13231323,Strength
44750,Barbell Bench Press,Push,60,5,300,67.50675068,Strength
44750,Barbell Bench Press,Push,60,5,300,67.50675068,Strength
44750,Barbell Bench Press,Push,60,5,300,67.50675068,Strength
44750,Barbell Bench Press,Push,60,5,300,67.50675068,Strength
44750,Barbell Bench Press,Push,60,5,300,67.50675068,Strength
44750,Barbell Overhead Press,Push,50,3,150,52.94366794,Strength
44750,Barbell Overhead Press,Push,50,3,150,52.94366794,Strength
44750,Barbell Overhead Press,Push,50,3,150,52.94366794,Strength
44750,Barbell Overhead Press,Push,50,3,150,52.94366794,Strength
44750,Barbell Overhead Press,Push,50,4,200,54.54942178,Strength
44750,Barbell Row,Pull,55,5,275,61.88118812,Strength
44750,Barbell Row,Pull,55,5,275,61.88118812,Strength
44750,Barbell Row,Pull,55,5,275,61.88118812,Strength
44750,Barbell Row,Pull,60,3,180,63.53240152,Strength
44750,Barbell Row,Pull,60,3,180,63.53240152,Strength
44751,Barbell Deadlift,Hinge,110,4,440,120.0087279,Strength
44751,Barbell Deadlift,Hinge,110,4,440,120.0087279,Strength
44751,Barbell Deadlift,Hinge,110,4,440,120.0087279,Strength
44751,Barbell Deadlift,Hinge,110,5,550,123.7623762,Strength
44751,Barbell Deadlift,Hinge,110,5,550,123.7623762,Strength
44751,Barbell Squat,Legs,65,5,325,73.13231323,Strength
44751,Barbell Squat,Legs,65,5,325,73.13231323,Strength
44751,Barbell Squat,Legs,65,5,325,73.13231323,Strength
44751,Barbell Squat,Legs,70,2,140,72.00164575,Strength
44751,Barbell Squat,Legs,70,2,140,72.00164575,Strength
44752,Barbell Bench Press,Push,60,5,300,67.50675068,Strength
44752,Barbell Bench Press,Push,60,5,300,67.50675068,Strength
44752,Barbell Bench Press,Push,60,5,300,67.50675068,Strength
44752,Barbell Bench Press,Push,60,5,300,67.50675068,Strength
44752,Barbell Bench Press,Push,60,5,300,67.50675068,Strength
44752,Barbell Row,Pull,60,3,180,63.53240152,Strength
44752,Barbell Row,Pull,60,3,180,63.53240152,Strength
44752,Barbell Row,Pull,60,3,180,63.53240152,Strength
44752,Barbell Row,Pull,60,4,240,65.45930613,Strength
44752,Barbell Row,Pull,60,5,300,67.50675068,Strength
44752,Barbell Overhead Press,Push,45,5,225,50.63006301,Strength
44752,Barbell Overhead Press,Push,50,3,150,52.94366794,Strength
44752,Barbell Overhead Press,Push,50,4,200,54.54942178,Strength
44752,Barbell Overhead Press,Push,50,4,200,54.54942178,Strength
44752,Barbell Overhead Press,Push,50,4,200,54.54942178,Strength
44754,Barbell Deadlift,Hinge,110,5,550,123.7623762,Strength
44754,Barbell Deadlift,Hinge,110,5,550,123.7623762,Strength
44754,Barbell Deadlift,Hinge,110,5,550,123.7623762,Strength
44754,Barbell Deadlift,Hinge,115,3,345,121.7704363,Strength
44754,Barbell Deadlift,Hinge,115,3,345,121.7704363,Strength
44754,Barbell Squat,Legs,65,5,325,73.13231323,Strength
44754,Barbell Squat,Legs,70,2,140,72.00164575,Strength
44754,Barbell Squat,Legs,70,2,140,72.00164575,Strength
44754,Barbell Squat,Legs,70,2,140,72.00164575,Strength
44754,Barbell Squat,Legs,70,2,140,72.00164575,Strength
44758,Barbell Deadlift,Hinge,115,4,460,125.4636701,Strength
44758,Barbell Deadlift,Hinge,115,4,460,125.4636701,Strength
44758,Barbell Deadlift,Hinge,115,4,460,125.4636701,Strength
44758,Barbell Deadlift,Hinge,115,4,460,125.4636701,Strength
44758,Barbell Deadlift,Hinge,117.5,2,235,120.8599054,Strength
44758,Barbell Squat,Legs,70,3,210,74.12113511,Strength
44758,Barbell Squat,Legs,70,3,210,74.12113511,Strength
44758,Barbell Squat,Legs,70,3,210,74.12113511,Strength
44758,Barbell Squat,Legs,70,3,210,74.12113511,Strength
44758,Barbell Squat,Legs,70,3,210,74.12113511,Strength
44759,Barbell Bench Press,Push,60,5,300,67.50675068,Strength
44759,Barbell Bench Press,Push,62.5,2,125,64.28718371,Strength
44759,Barbell Bench Press,Push,62.5,2,125,64.28718371,Strength
44759,Barbell Bench Press,Push,62.5,2,125,64.28718371,Strength
44759,Barbell Bench Press,Push,62.5,2,125,64.28718371,Strength
44759,Barbell Overhead Press,Push,47.5,3,142.5,50.29648454,Strength
44759,Barbell Overhead Press,Push,47.5,3,142.5,50.29648454,Strength
44759,Barbell Overhead Press,Push,47.5,3,142.5,50.29648454,Strength
44759,Barbell Overhead Press,Push,47.5,3,142.5,50.29648454,Strength
44759,Barbell Overhead Press,Push,47.5,3,142.5,50.29648454,Strength
44759,Barbell Row,Pull,60,5,300,67.50675068,Strength
44759,Barbell Row,Pull,60,5,300,67.50675068,Strength
44759,Barbell Row,Pull,60,5,300,67.50675068,Strength
44759,Barbell Row,Pull,62.5,4,250,68.18677722,Strength
44759,Barbell Row,Pull,62.5,4,250,68.18677722,Strength
44764,Barbell Deadlift,Hinge,115,5,575,129.3879388,Strength
44764,Barbell Deadlift,Hinge,115,5,575,129.3879388,Strength
44764,Barbell Deadlift,Hinge,115,5,575,129.3879388,Strength
44764,Barbell Deadlift,Hinge,115,3,345,121.7704363,Strength
44764,Barbell Deadlift,Hinge,115,3,345,121.7704363,Strength
44764,Barbell Squat,Legs,70,4,280,76.36919049,Strength
44764,Barbell Squat,Legs,65,5,325,73.13231323,Strength
44764,Barbell Squat,Legs,65,5,325,73.13231323,Strength
44764,Barbell Squat,Legs,65,5,325,73.13231323,Strength
44764,Barbell Squat,Legs,65,5,325,73.13231323,Strength
44766,Barbell Bench Press,Push,55,7,385,66.01056169,Hypertrophy
44766,Barbell Bench Press,Push,55,7,385,66.01056169,Hypertrophy
44766,Barbell Bench Press,Push,55,7,385,66.01056169,Hypertrophy
44766,Barbell Bench Press,Push,55,7,385,66.01056169,Hypertrophy
44766,Barbell Overhead Press,Push,40,7,280,48.00768123,Hypertrophy
44766,Barbell Overhead Press,Push,40,8,320,49.66476285,Hypertrophy
44766,Barbell Overhead Press,Push,40,8,320,49.66476285,Hypertrophy
44766,Barbell Overhead Press,Push,40,8,320,49.66476285,Hypertrophy
44766,Barbell Row,Pull,55,7,385,66.01056169,Hypertrophy
44766,Barbell Row,Pull,55,7,385,66.01056169,Hypertrophy
44766,Barbell Row,Pull,55,7,385,66.01056169,Hypertrophy
44766,Barbell Row,Pull,55,7,385,66.01056169,Hypertrophy
44768,Barbell Deadlift,Hinge,105,8,840,130.3700025,Hypertrophy
44768,Barbell Deadlift,Hinge,105,8,840,130.3700025,Hypertrophy
44768,Barbell Deadlift,Hinge,110,6,660,127.7584204,Hypertrophy
44768,Barbell Deadlift,Hinge,110,6,660,127.7584204,Hypertrophy
44768,Barbell Squat,Legs,60,8,480,74.49714428,Hypertrophy
44768,Barbell Squat,Legs,60,8,480,74.49714428,Hypertrophy
44768,Barbell Squat,Legs,60,8,480,74.49714428,Hypertrophy
44768,Barbell Squat,Legs,60,8,480,74.49714428,Hypertrophy
44772,Barbell Deadlift,Hinge,110,6,660,127.7584204,Hypertrophy
44772,Barbell Deadlift,Hinge,110,6,660,127.7584204,Hypertrophy
44772,Barbell Deadlift,Hinge,110,6,660,127.7584204,Hypertrophy
44772,Barbell Deadlift,Hinge,110,6,660,127.7584204,Hypertrophy
44772,Barbell Squat,Legs,62.5,6,375,72.59001161,Hypertrophy
44772,Barbell Squat,Legs,62.5,6,375,72.59001161,Hypertrophy
44772,Barbell Squat,Legs,62.5,6,375,72.59001161,Hypertrophy
44772,Barbell Squat,Legs,65,6,390,75.49361208,Hypertrophy
44775,Barbell Deadlift,Hinge,95,8,760,117.9538118,Hypertrophy
44775,Barbell Deadlift,Hinge,95,8,760,117.9538118,Hypertrophy
44775,Barbell Deadlift,Hinge,100,6,600,116.1440186,Hypertrophy
44775,Barbell Deadlift,Hinge,100,6,600,116.1440186,Hypertrophy
44775,Barbell Squat,Legs,70,3,210,74.12113511,Hypertrophy
44775,Barbell Squat,Legs,65,6,390,75.49361208,Hypertrophy
44775,Barbell Squat,Legs,65,6,390,75.49361208,Hypertrophy
44775,Barbell Squat,Legs,65,6,390,75.49361208,Hypertrophy
44778,Barbell Squat,Legs,60,8,480,74.49714428,Hypertrophy
44778,Barbell Squat,Legs,65,6,390,75.49361208,Hypertrophy
44778,Barbell Squat,Legs,65,6,390,75.49361208,Hypertrophy
44778,Barbell Squat,Legs,65,6,390,75.49361208,Hypertrophy
44780,Barbell Bench Press,Push,55,8,440,68.28904892,Hypertrophy
44780,Barbell Bench Press,Push,55,8,440,68.28904892,Hypertrophy
44780,Barbell Bench Press,Push,55,8,440,68.28904892,Hypertrophy
44780,Barbell Bench Press,Push,55,8,440,68.28904892,Hypertrophy
44780,Barbell Row,Pull,55,8,440,68.28904892,Hypertrophy
44780,Barbell Row,Pull,55,8,440,68.28904892,Hypertrophy
44780,Barbell Row,Pull,55,8,440,68.28904892,Hypertrophy
44780,Barbell Row,Pull,55,8,440,68.28904892,Hypertrophy
44780,Barbell Overhead Press,Push,45,6,270,52.26480836,Hypertrophy
44780,Barbell Overhead Press,Push,42.5,6,255,49.3612079,Hypertrophy
44780,Barbell Overhead Press,Push,42.5,6,255,49.3612079,Hypertrophy
44780,Barbell Overhead Press,Push,42.5,6,255,49.3612079,Hypertrophy
44782,Barbell Deadlift,Hinge,100,6,600,116.1440186,Hypertrophy
44782,Barbell Deadlift,Hinge,100,6,600,116.1440186,Hypertrophy
44782,Barbell Deadlift,Hinge,100,6,600,116.1440186,Hypertrophy
44782,Barbell Deadlift,Hinge,100,6,600,116.1440186,Hypertrophy
44782,Barbell Squat,Legs,65,7,455,78.012482,Hypertrophy
44782,Barbell Squat,Legs,65,7,455,78.012482,Hypertrophy
44782,Barbell Squat,Legs,65,7,455,78.012482,Hypertrophy
44782,Barbell Squat,Legs,65,7,455,78.012482,Hypertrophy
44784,Barbell Bench Press,Push,60,6,360,69.68641115,Hypertrophy
44784,Barbell Bench Press,Push,60,6,360,69.68641115,Hypertrophy
44784,Barbell Bench Press,Push,60,6,360,69.68641115,Hypertrophy
44784,Barbell Bench Press,Push,60,6,360,69.68641115,Hypertrophy
44784,Barbell Row,Pull,60,6,360,69.68641115,Hypertrophy
44784,Barbell Row,Pull,60,6,360,69.68641115,Hypertrophy
44784,Barbell Row,Pull,60,6,360,69.68641115,Hypertrophy
44784,Barbell Row,Pull,60,6,360,69.68641115,Hypertrophy
44784,Barbell Overhead Press,Push,42.5,7,297.5,51.00816131,Hypertrophy
44784,Barbell Overhead Press,Push,42.5,7,297.5,51.00816131,Hypertrophy
44784,Barbell Overhead Press,Push,42.5,7,297.5,51.00816131,Hypertrophy
44784,Barbell Overhead Press,Push,42.5,7,297.5,51.00816131,Hypertrophy
44791,Barbell Deadlift,Hinge,105,6,630,121.9512195,Hypertrophy
44791,Barbell Deadlift,Hinge,105,6,630,121.9512195,Hypertrophy
44791,Barbell Deadlift,Hinge,105,6,630,121.9512195,Hypertrophy
44791,Barbell Deadlift,Hinge,105,6,630,121.9512195,Hypertrophy
44791,Barbell Squat,Legs,65,6,390,75.49361208,Hypertrophy
44791,Barbell Squat,Legs,70,4,280,76.36919049,Hypertrophy
44791,Barbell Squat,Legs,65,6,390,75.49361208,Hypertrophy
44791,Barbell Squat,Legs,65,6,390,75.49361208,Hypertrophy
44793,Barbell Squat,Legs,65,8,520,80.70523963,Hypertrophy
44793,Barbell Squat,Legs,65,8,520,80.70523963,Hypertrophy
44793,Barbell Squat,Legs,65,8,520,80.70523963,Hypertrophy
44793,Barbell Squat,Legs,70,4,280,76.36919049,Hypertrophy
44794,Barbell Bench Press,Push,60,5,300,67.50675068,Hypertrophy
44794,Barbell Bench Press,Push,57.5,7,402.5,69.01104177,Hypertrophy
44794,Barbell Bench Press,Push,57.5,7,402.5,69.01104177,Hypertrophy
44794,Barbell Bench Press,Push,57.5,7,402.5,69.01104177,Hypertrophy
44794,Barbell Overhead Press,Push,42.5,8,340,52.76881053,Hypertrophy
44794,Barbell Overhead Press,Push,42.5,8,340,52.76881053,Hypertrophy
44794,Barbell Overhead Press,Push,42.5,8,340,52.76881053,Hypertrophy
44794,Barbell Overhead Press,Push,42.5,7,297.5,51.00816131,Hypertrophy
44794,Barbell Row,Pull,63,5,315,70.88208821,Hypertrophy
44794,Barbell Row,Pull,63,5,315,70.88208821,Hypertrophy
44794,Barbell Row,Pull,63,4,252,68.73227144,Hypertrophy
44794,Barbell Row,Pull,63,4,252,68.73227144,Hypertrophy
44796,Barbell Deadlift,Hinge,105,6,630,121.9512195,Hypertrophy
44796,Barbell Deadlift,Hinge,105,6,630,121.9512195,Hypertrophy
44796,Barbell Deadlift,Hinge,105,6,630,121.9512195,Hypertrophy
44796,Barbell Deadlift,Hinge,105,6,630,121.9512195,Hypertrophy
44796,Barbell Squat,Legs,70,4,280,76.36919049,Hypertrophy
44796,Barbell Squat,Legs,70,4,280,76.36919049,Hypertrophy
44796,Barbell Squat,Legs,70,4,280,76.36919049,Hypertrophy
44796,Barbell Squat,Legs,70,4,280,76.36919049,Hypertrophy
44798,Barbell Bench Press,Push,55,8,440,68.28904892,Hypertrophy
44798,Barbell Bench Press,Push,60,6,360,69.68641115,Hypertrophy
44798,Barbell Bench Press,Push,60,6,360,69.68641115,Hypertrophy
44798,Barbell Bench Press,Push,60,7,420,72.01152184,Hypertrophy
44798,Barbell Row,Pull,60,6,360,69.68641115,Hypertrophy
44798,Barbell Row,Pull,60,6,360,69.68641115,Hypertrophy
44798,Barbell Row,Pull,60,6,360,69.68641115,Hypertrophy
44798,Barbell Row,Pull,60,7,420,72.01152184,Hypertrophy
44799,Barbell Deadlift,Hinge,95,8,760,117.9538118,Hypertrophy
44799,Barbell Deadlift,Hinge,95,8,760,117.9538118,Hypertrophy
44799,Barbell Deadlift,Hinge,100,6,600,116.1440186,Hypertrophy
44799,Barbell Deadlift,Hinge,100,6,600,116.1440186,Hypertrophy
44799,Barbell Squat,Legs,70,5,350,78.75787579,Hypertrophy
44799,Barbell Squat,Legs,70,5,350,78.75787579,Hypertrophy
44799,Barbell Squat,Legs,70,5,350,78.75787579,Hypertrophy
44799,Barbell Squat,Legs,70,5,350,78.75787579,Hypertrophy
44803,Barbell Deadlift,Hinge,95,6,570,110.3368177,Strength
44803,Barbell Deadlift,Hinge,95,6,570,110.3368177,Strength
44803,Barbell Deadlift,Hinge,95,6,570,110.3368177,Strength
44803,Barbell Deadlift,Hinge,95,6,570,110.3368177,Strength
44803,Barbell Squat,Legs,65,5,325,73.13231323,Strength
44803,Barbell Squat,Legs,65,5,325,73.13231323,Strength
44803,Barbell Squat,Legs,65,5,325,73.13231323,Strength
44803,Barbell Squat,Legs,65,5,325,73.13231323,Strength
44803,Barbell Squat,Legs,65,5,325,73.13231323,Strength
44803,Barbell Deadlift,Hinge,95,6,570,110.3368177,Strength
44805,Barbell Overhead Press,Push,48,4,192,52.36744491,Strength
44805,Barbell Overhead Press,Push,48,4,192,52.36744491,Strength
44805,Barbell Overhead Press,Push,48,4,192,52.36744491,Strength
44805,Barbell Overhead Press,Push,48,5,240,54.00540054,Strength
44809,Barbell Bench Press,Push,62.5,3,187.5,66.17958492,Strength
44809,Barbell Bench Press,Push,62.5,3,187.5,66.17958492,Strength
44809,Barbell Bench Press,Push,62.5,3,187.5,66.17958492,Strength
44809,Barbell Bench Press,Push,62.5,3,187.5,66.17958492,Strength
44809,Barbell Bench Press,Push,60,6,360,69.68641115,Strength
44810,Barbell Deadlift,Hinge,105,5,525,118.1368137,Strength
44810,Barbell Deadlift,Hinge,105,5,525,118.1368137,Strength
44810,Barbell Deadlift,Hinge,105,5,525,118.1368137,Strength
44810,Barbell Deadlift,Hinge,105,5,525,118.1368137,Strength
44810,Barbell Deadlift,Hinge,105,5,525,118.1368137,Strength
44810,Barbell Squat,Legs,70,3,210,74.12113511,Strength
44810,Barbell Squat,Legs,70,3,210,74.12113511,Strength
44810,Barbell Squat,Legs,70,3,210,74.12113511,Strength
44810,Barbell Squat,Legs,70,3,210,74.12113511,Strength
44810,Barbell Squat,Legs,70,3,210,74.12113511,Strength
44812,Barbell Overhead Press,Push,48,5,240,54.00540054,Strength
44812,Barbell Overhead Press,Push,48,5,240,54.00540054,Strength
44812,Barbell Overhead Press,Push,48,5,240,54.00540054,Strength
44812,Barbell Overhead Press,Push,48,5,240,54.00540054,Strength
44812,Barbell Overhead Press,Push,50.5,3,151.5,53.47310462,Strength
44812,Barbell Row,Pull,60,5,300,67.50675068,Strength
44812,Barbell Row,Pull,60,5,300,67.50675068,Strength
44812,Barbell Row,Pull,57.5,5,287.5,64.6939694,Strength
44812,Barbell Row,Pull,57.5,5,287.5,64.6939694,Strength
44812,Barbell Row,Pull,57.5,5,287.5,64.6939694,Strength
44814,Barbell Deadlift,Hinge,110,3,330,116.4760695,Strength
44814,Barbell Deadlift,Hinge,105,5,525,118.1368137,Strength
44814,Barbell Deadlift,Hinge,105,5,525,118.1368137,Strength
44814,Barbell Deadlift,Hinge,105,5,525,118.1368137,Strength
44814,Barbell Deadlift,Hinge,105,5,525,118.1368137,Strength
44814,Barbell Squat,Legs,70,3,210,74.12113511,Strength
44814,Barbell Squat,Legs,70,3,210,74.12113511,Strength
44814,Barbell Squat,Legs,70,4,280,76.36919049,Strength
44814,Barbell Squat,Legs,70,5,350,78.75787579,Strength
44814,Barbell Squat,Legs,75,3,225,79.41550191,Strength
44815,Barbell Bench Press,Push,62.5,3,187.5,66.17958492,Strength
44815,Barbell Bench Press,Push,62.5,3,187.5,66.17958492,Strength
44815,Barbell Bench Press,Push,62.5,3,187.5,66.17958492,Strength
44815,Barbell Bench Press,Push,62.5,3,187.5,66.17958492,Strength
44815,Barbell Bench Press,Push,62.5,4,250,68.18677722,Strength
44815,Barbell Row,Pull,57.5,5,287.5,64.6939694,Strength
44815,Barbell Row,Pull,57.5,5,287.5,64.6939694,Strength
44815,Barbell Row,Pull,57.5,5,287.5,64.6939694,Strength
44815,Barbell Row,Pull,60,3,180,63.53240152,Strength
44815,Barbell Row,Pull,60,5,300,67.50675068,Strength
44815,Barbell Overhead Press,Push,50.5,3,151.5,53.47310462,Strength
44815,Barbell Overhead Press,Push,50.5,3,151.5,53.47310462,Strength
44815,Barbell Overhead Press,Push,50.5,3,151.5,53.47310462,Strength
44815,Barbell Overhead Press,Push,50.5,3,151.5,53.47310462,Strength
44815,Barbell Overhead Press,Push,50.5,3,151.5,53.47310462,Strength
44817,Barbell Deadlift,Hinge,110,4,440,120.0087279,Strength
44817,Barbell Deadlift,Hinge,110,4,440,120.0087279,Strength
44817,Barbell Deadlift,Hinge,110,4,440,120.0087279,Strength
44817,Barbell Deadlift,Hinge,110,4,440,120.0087279,Strength
44817,Barbell Deadlift,Hinge,110,4,440,120.0087279,Strength
44817,Barbell Squat,Legs,70,4,280,76.36919049,Strength
44817,Barbell Squat,Legs,70,4,280,76.36919049,Strength
44817,Barbell Squat,Legs,75,2,150,77.14462045,Strength
44817,Barbell Squat,Legs,75,3,225,79.41550191,Strength
44817,Barbell Squat,Legs,75,3,225,79.41550191,Strength
44821,Barbell Deadlift,Hinge,105,5,525,118.1368137,Strength
44821,Barbell Deadlift,Hinge,105,5,525,118.1368137,Strength
44821,Barbell Deadlift,Hinge,105,5,525,118.1368137,Strength
44821,Barbell Deadlift,Hinge,110,5,550,123.7623762,Strength
44821,Barbell Deadlift,Hinge,115,4,460,125.4636701,Strength
44821,Barbell Squat,Legs,75,3,225,79.41550191,Strength
44821,Barbell Squat,Legs,75,3,225,79.41550191,Strength
44821,Barbell Squat,Legs,75,3,225,79.41550191,Strength
44821,Barbell Squat,Legs,75,3,225,79.41550191,Strength
44821,Barbell Squat,Legs,75,3,225,79.41550191,Strength
44823,Barbell Bench Press,Push,62.5,4,250,68.18677722,Strength
44823,Barbell Bench Press,Push,62.5,4,250,68.18677722,Strength
44823,Barbell Bench Press,Push,62.5,4,250,68.18677722,Strength
44823,Barbell Bench Press,Push,62.5,4,250,68.18677722,Strength
44823,Barbell Bench Press,Push,65,3,195,68.82676832,Strength
44823,Barbell Row,Pull,60,5,300,67.50675068,Strength
44823,Barbell Row,Pull,60,5,300,67.50675068,Strength
44823,Barbell Row,Pull,60,5,300,67.50675068,Strength
44823,Barbell Row,Pull,65,3,195,68.82676832,Strength
44823,Barbell Row,Pull,65,3,195,68.82676832,Strength
44824,Barbell Deadlift,Hinge,105,5,525,118.1368137,Strength
44824,Barbell Deadlift,Hinge,110,5,550,123.7623762,Strength
44824,Barbell Deadlift,Hinge,105,5,525,118.1368137,Strength
44824,Barbell Deadlift,Hinge,105,5,525,118.1368137,Strength
44824,Barbell Deadlift,Hinge,105,5,525,118.1368137,Strength
44824,Barbell Squat,Legs,75,3,225,79.41550191,Strength
44824,Barbell Squat,Legs,75,3,225,79.41550191,Strength
44824,Barbell Squat,Legs,75,3,225,79.41550191,Strength
44824,Barbell Squat,Legs,75,3,225,79.41550191,Strength
44824,Barbell Squat,Legs,75,4,300,81.82413266,Strength
44826,Barbell Overhead Press,Push,50.5,3,151.5,53.47310462,Strength
44826,Barbell Overhead Press,Push,50.5,3,151.5,53.47310462,Strength
44826,Barbell Overhead Press,Push,50.5,3,151.5,53.47310462,Strength
44826,Barbell Overhead Press,Push,50.5,4,202,55.09491599,Strength
44826,Barbell Overhead Press,Push,50.5,4,202,55.09491599,Strength
44828,Barbell Deadlift,Hinge,110,3,330,116.4760695,Strength
44828,Barbell Deadlift,Hinge,110,3,330,116.4760695,Strength
44828,Barbell Deadlift,Hinge,115,3,345,121.7704363,Strength
44828,Barbell Deadlift,Hinge,115,3,345,121.7704363,Strength
44828,Barbell Deadlift,Hinge,115,3,345,121.7704363,Strength
44828,Barbell Squat,Legs,75,3,225,79.41550191,Strength
44828,Barbell Squat,Legs,75,3,225,79.41550191,Strength
44828,Barbell Squat,Legs,75,3,225,79.41550191,Strength
44828,Barbell Squat,Legs,70,5,350,78.75787579,Strength
44828,Barbell Squat,Legs,70,5,350,78.75787579,Strength
44829,Barbell Bench Press,Push,65,3,195,68.82676832,Strength
44829,Barbell Bench Press,Push,65,3,195,68.82676832,Strength
44829,Barbell Bench Press,Push,65,3,195,68.82676832,Strength
44829,Barbell Bench Press,Push,65,3,195,68.82676832,Strength
44829,Barbell Bench Press,Push,65,3,195,68.82676832,Strength
44829,Barbell Row,Pull,65,3,195,68.82676832,Strength
44829,Barbell Row,Pull,65,3,195,68.82676832,Strength
44829,Barbell Row,Pull,65,3,195,68.82676832,Strength
44829,Barbell Row,Pull,65,3,195,68.82676832,Strength
44829,Barbell Row,Pull,65,3,195,68.82676832,Strength
44829,Barbell Overhead Press,Push,50.5,3,151.5,53.47310462,Strength
44829,Barbell Overhead Press,Push,50.5,3,151.5,53.47310462,Strength
44829,Barbell Overhead Press,Push,50.5,3,151.5,53.47310462,Strength
44829,Barbell Overhead Press,Push,48,6,288,55.74912892,Strength
44829,Barbell Overhead Press,Push,48,5,240,54.00540054,Strength
44831,Barbell Deadlift,Hinge,110,3,330,116.4760695,Strength
44831,Barbell Deadlift,Hinge,115,3,345,121.7704363,Strength
44831,Barbell Deadlift,Hinge,115,3,345,121.7704363,Strength
44831,Barbell Deadlift,Hinge,115,3,345,121.7704363,Strength
44831,Barbell Deadlift,Hinge,115,3,345,121.7704363,Strength
44831,Barbell Squat,Legs,75,3,225,79.41550191,Strength
44831,Barbell Squat,Legs,75,3,225,79.41550191,Strength
44831,Barbell Squat,Legs,75,3,225,79.41550191,Strength
44831,Barbell Squat,Legs,75,3,225,79.41550191,Strength
44831,Barbell Squat,Legs,75,3,225,79.41550191,Strength
44833,Barbell Overhead Press,Push,53,2,106,54.51553178,Strength
44833,Barbell Overhead Press,Push,53,2,106,54.51553178,Strength
44833,Barbell Overhead Press,Push,53,1,53,53,Strength
44833,Barbell Overhead Press,Push,53,1,53,53,Strength
44833,Barbell Overhead Press,Push,53,1,53,53,Strength
44833,Barbell Row,Pull,65,4,260,70.91424831,Strength
44833,Barbell Row,Pull,65,4,260,70.91424831,Strength
44833,Barbell Row,Pull,65,3,195,68.82676832,Strength
44833,Barbell Row,Pull,65,3,195,68.82676832,Strength
44833,Barbell Row,Pull,65,3,195,68.82676832,Strength
44833,Barbell Bench Press,Push,65,2,130,66.85867106,Strength
44833,Barbell Bench Press,Push,65,2,130,66.85867106,Strength
44834,Barbell Deadlift,Hinge,115,3,345,121.7704363,Strength
44834,Barbell Deadlift,Hinge,115,3,345,121.7704363,Strength
44834,Barbell Deadlift,Hinge,115,4,460,125.4636701,Strength
44834,Barbell Deadlift,Hinge,115,5,575,129.3879388,Strength
44834,Barbell Deadlift,Hinge,120,2,240,123.4313927,Strength
44834,Barbell Deadlift,Hinge,125,2,250,128.5743674,Strength
44834,Barbell Squat,Legs,75,4,300,81.82413266,Strength
44834,Barbell Squat,Legs,75,4,300,81.82413266,Strength
44834,Barbell Squat,Legs,75,3,225,79.41550191,Strength
44834,Barbell Squat,Legs,75,3,225,79.41550191,Strength
44834,Barbell Squat,Legs,75,3,225,79.41550191,Strength
44842,Barbell Deadlift,Hinge,100,5,500,112.5112511,Strength
44842,Barbell Deadlift,Hinge,100,5,500,112.5112511,Strength
44842,Barbell Deadlift,Hinge,100,5,500,112.5112511,Strength
44842,Barbell Deadlift,Hinge,100,3,300,105.8873359,Strength
44842,Barbell Squat,Legs,70,3,210,74.12113511,Strength
44842,Barbell Squat,Legs,70,3,210,74.12113511,Strength
44842,Barbell Squat,Legs,70,3,210,74.12113511,Strength
44842,Barbell Squat,Legs,70,3,210,74.12113511,Strength
44842,Barbell Row,Pull,55,5,275,61.88118812,Strength
44842,Barbell Row,Pull,55,5,275,61.88118812,Strength
44842,Barbell Row,Pull,55,5,275,61.88118812,Strength
44842,Barbell Row,Pull,55,5,275,61.88118812,Strength
44842,Barbell Bench Press,Push,55,5,275,61.88118812,Strength
44842,Barbell Bench Press,Push,55,5,275,61.88118812,Strength
44842,Barbell Bench Press,Push,55,5,275,61.88118812,Strength
44842,Barbell Bench Press,Push,55,5,275,61.88118812,Strength
44844,Barbell Deadlift,Hinge,105,5,525,118.1368137,Strength
44844,Barbell Deadlift,Hinge,105,5,525,118.1368137,Strength
44844,Barbell Deadlift,Hinge,115,3,345,121.7704363,Strength
44844,Barbell Deadlift,Hinge,115,4,460,125.4636701,Strength
44844,Barbell Deadlift,Hinge,115,5,575,129.3879388,Strength
44846,Barbell Squat,Legs,75,5,375,84.38343834,Strength
44846,Barbell Squat,Legs,75,3,225,79.41550191,Strength
44846,Barbell Squat,Legs,75,3,225,79.41550191,Strength
44846,Barbell Squat,Legs,75,3,225,79.41550191,Strength
44846,Barbell Squat,Legs,75,3,225,79.41550191,Strength
44846,Barbell Deadlift,Hinge,110,5,550,123.7623762,Strength
44846,Barbell Deadlift,Hinge,110,3,330,116.4760695,Strength
44846,Barbell Deadlift,Hinge,110,5,550,123.7623762,Strength
44846,Barbell Deadlift,Hinge,115,2,230,118.288418,Strength
44846,Barbell Deadlift,Hinge,115,2,230,118.288418,Strength
44846,Barbell Row,Pull,60,5,300,67.50675068,Strength
44846,Barbell Row,Pull,60,5,300,67.50675068,Strength
44846,Barbell Row,Pull,60,5,300,67.50675068,Strength
44846,Barbell Row,Pull,60,5,300,67.50675068,Strength
44846,Barbell Row,Pull,60,5,300,67.50675068,Strength
44846,Barbell Bench Press,Push,60,3,180,63.53240152,Strength
44846,Barbell Bench Press,Push,60,5,300,67.50675068,Strength
44846,Barbell Bench Press,Push,60,5,300,67.50675068,Strength
44846,Barbell Bench Press,Push,65,3,195,68.82676832,Strength
44846,Barbell Bench Press,Push,65,2,130,66.85867106,Strength
44859,Barbell Overhead Press,Push,48,5,240,54.00540054,Strength
44859,Barbell Overhead Press,Push,48,5,240,54.00540054,Strength
44859,Barbell Overhead Press,Push,43,6,258,49.94192799,Strength
44859,Barbell Overhead Press,Push,43,6,258,49.94192799,Strength
44859,Barbell Overhead Press,Push,43,6,258,49.94192799,Strength
44859,Barbell Row,Pull,58,6,348,67.36353078,Strength
44859,Barbell Row,Pull,58,6,348,67.36353078,Strength
44859,Barbell Row,Pull,58,6,348,67.36353078,Strength
44859,Barbell Row,Pull,58,6,348,67.36353078,Strength
44859,Barbell Bench Press,Push,55,5,275,61.88118812,Strength
44859,Barbell Bench Press,Push,55,6,330,63.87921022,Strength
44859,Barbell Bench Press,Push,55,6,330,63.87921022,Strength
44859,Barbell Bench Press,Push,55,6,330,63.87921022,Strength
44860,Barbell Squat,Legs,75,4,300,81.82413266,Strength
44860,Barbell Squat,Legs,75,4,300,81.82413266,Strength
44860,Barbell Squat,Legs,70,8,560,86.91333499,Strength
44860,Barbell Squat,Legs,70,6,420,81.30081301,Strength
44862,Barbell Overhead Press,Push,48,5,240,54.00540054,Strength
44862,Barbell Overhead Press,Push,48,5,240,54.00540054,Strength
44862,Barbell Overhead Press,Push,48,5,240,54.00540054,Strength
44862,Barbell Overhead Press,Push,48,5,240,54.00540054,Strength
44862,Barbell Row,Pull,63,5,315,70.88208821,Strength
44862,Barbell Row,Pull,63,5,315,70.88208821,Strength
44862,Barbell Row,Pull,68,2,136,69.94445587,Strength
44862,Barbell Row,Pull,68,2,136,69.94445587,Strength
44862,Barbell Bench Press,Push,55,5,275,61.88118812,Strength
44862,Barbell Bench Press,Push,55,5,275,61.88118812,Strength
44862,Barbell Bench Press,Push,60,3,180,63.53240152,Strength
44862,Barbell Bench Press,Push,60,3,180,63.53240152,Strength
44863,Barbell Deadlift,Hinge,115,3,345,121.7704363,Strength
44863,Barbell Deadlift,Hinge,115,3,345,121.7704363,Strength
44863,Barbell Deadlift,Hinge,115,3,345,121.7704363,Strength
44863,Barbell Deadlift,Hinge,115,3,345,121.7704363,Strength
44863,Barbell Squat,Legs,70,4,280,76.36919049,Strength
44863,Barbell Squat,Legs,70,4,280,76.36919049,Strength
44863,Barbell Squat,Legs,70,4,280,76.36919049,Strength
44863,Barbell Squat,Legs,70,4,280,76.36919049,Strength
44865,Barbell Bench Press,Push,60,3,180,63.53240152,Strength
44865,Barbell Bench Press,Push,60,3,180,63.53240152,Strength
44865,Barbell Bench Press,Push,60,3,180,63.53240152,Strength
44865,Barbell Bench Press,Push,60,3,180,63.53240152,Strength
44865,Barbell Bench Press,Push,60,3,180,63.53240152,Strength
44865,Barbell Row,Pull,60,3,180,63.53240152,Strength
44865,Barbell Row,Pull,60,4,240,65.45930613,Strength
44865,Barbell Row,Pull,60,4,240,65.45930613,Strength
44865,Barbell Row,Pull,60,4,240,65.45930613,Strength
44865,Barbell Row,Pull,60,4,240,65.45930613,Strength
44866,Barbell Deadlift,Hinge,115,3,345,121.7704363,Strength
44866,Barbell Deadlift,Hinge,110,5,550,123.7623762,Strength
44866,Barbell Deadlift,Hinge,110,5,550,123.7623762,Strength
44866,Barbell Deadlift,Hinge,110,5,550,123.7623762,Strength
44866,Barbell Deadlift,Hinge,110,5,550,123.7623762,Strength
44872,Barbell Bench Press,Push,63,2,126,64.80148118,Strength
44872,Barbell Bench Press,Push,63,3,189,66.7090216,Strength
44872,Barbell Bench Press,Push,63,2,126,64.80148118,Strength
44872,Barbell Bench Press,Push,63,3,189,66.7090216,Strength
44872,Barbell Bench Press,Push,63,2,126,64.80148118,Strength
44872,Barbell Row,Pull,63,3,189,66.7090216,Strength
44872,Barbell Row,Pull,63,3,189,66.7090216,Strength
44872,Barbell Row,Pull,63,3,189,66.7090216,Strength
44872,Barbell Row,Pull,63,3,189,66.7090216,Strength
44872,Barbell Row,Pull,63,3,189,66.7090216,Strength
44872,Barbell Overhead Press,Push,48,3,144,50.82592122,Strength
44872,Barbell Overhead Press,Push,48,4,192,52.36744491,Strength
44872,Barbell Overhead Press,Push,48,4,192,52.36744491,Strength
44872,Barbell Overhead Press,Push,48,4,192,52.36744491,Strength
44872,Barbell Overhead Press,Push,48,4,192,52.36744491,Strength
44875,Barbell Squat,Legs,73,3,219,77.29775519,Strength
44875,Barbell Squat,Legs,73,3,219,77.29775519,Strength
44875,Barbell Squat,Legs,73,3,219,77.29775519,Strength
44875,Barbell Squat,Legs,73,3,219,77.29775519,Strength
44875,Barbell Squat,Legs,73,3,219,77.29775519,Strength
44877,Barbell Deadlift,Hinge,105,5,525,118.1368137,Strength
44877,Barbell Deadlift,Hinge,110,5,550,123.7623762,Strength
44877,Barbell Deadlift,Hinge,110,5,550,123.7623762,Strength
44877,Barbell Deadlift,Hinge,115,4,460,125.4636701,Strength
44877,Barbell Deadlift,Hinge,120,2,240,123.4313927,Strength
44877,Barbell Squat,Legs,70,5,350,78.75787579,Strength
44877,Barbell Squat,Legs,70,5,350,78.75787579,Strength
44877,Barbell Squat,Legs,70,5,350,78.75787579,Strength
44877,Barbell Squat,Legs,70,5,350,78.75787579,Strength
44877,Barbell Squat,Legs,70,5,350,78.75787579,Strength
44879,Barbell Overhead Press,Push,48,4,192,52.36744491,Strength
44879,Barbell Overhead Press,Push,48,4,192,52.36744491,Strength
44879,Barbell Overhead Press,Push,48,4,192,52.36744491,Strength
44879,Barbell Overhead Press,Push,50.5,3,151.5,53.47310462,Strength
44879,Barbell Overhead Press,Push,50.5,3,151.5,53.47310462,Strength
44879,Barbell Row,Pull,63,4,252,68.73227144,Strength
44879,Barbell Row,Pull,63,4,252,68.73227144,Strength
44879,Barbell Row,Pull,63,5,315,70.88208821,Strength
44879,Barbell Row,Pull,65.5,4,262,71.45974253,Strength
44879,Barbell Row,Pull,65.5,4,262,71.45974253,Strength
44879,Barbell Bench Press,Push,63,3,189,66.7090216,Strength
44879,Barbell Bench Press,Push,58,4,232,63.27732926,Strength
44879,Barbell Bench Press,Push,58,4,232,63.27732926,Strength
44879,Barbell Bench Press,Push,58,3,174,61.41465481,Strength
44879,Barbell Bench Press,Push,58,4,232,63.27732926,Strength
44880,Barbell Squat,Legs,75,4,300,81.82413266,Strength
44880,Barbell Squat,Legs,75,4,300,81.82413266,Strength
44880,Barbell Squat,Legs,75,4,300,81.82413266,Strength
44880,Barbell Squat,Legs,70,5,350,78.75787579,Strength
44880,Barbell Squat,Legs,70,5,350,78.75787579,Strength
44881,Barbell Overhead Press,Push,48,5,240,54.00540054,Strength
44881,Barbell Overhead Press,Push,48,5,240,54.00540054,Strength
44881,Barbell Overhead Press,Push,50.5,3,151.5,53.47310462,Strength
44881,Barbell Overhead Press,Push,50.5,3,151.5,53.47310462,Strength
44881,Barbell Overhead Press,Push,50.5,3,151.5,53.47310462,Strength
44882,Barbell Deadlift,Hinge,105,4,420,114.5537857,Strength
44882,Barbell Deadlift,Hinge,105,4,420,114.5537857,Strength
44882,Barbell Deadlift,Hinge,115,3,345,121.7704363,Strength
44882,Barbell Deadlift,Hinge,115,3,345,121.7704363,Strength
44882,Barbell Deadlift,Hinge,115,4,460,125.4636701,Strength
44888,Barbell Overhead Press,Push,43,5,215,48.37983798,Strength
44888,Barbell Overhead Press,Push,43,5,215,48.37983798,Strength
44888,Barbell Overhead Press,Push,43,5,215,48.37983798,Strength
44888,Barbell Overhead Press,Push,48,5,240,54.00540054,Strength
44888,Barbell Overhead Press,Push,48,5,240,54.00540054,Strength
44888,Barbell Row,Pull,63,5,315,70.88208821,Strength
44888,Barbell Row,Pull,63,5,315,70.88208821,Strength
44888,Barbell Row,Pull,63,5,315,70.88208821,Strength
44888,Barbell Row,Pull,63,5,315,70.88208821,Strength
44888,Barbell Row,Pull,63,5,315,70.88208821,Strength
44888,Barbell Bench Press,Push,60,3,180,63.53240152,Strength
44888,Barbell Bench Press,Push,60,4,240,65.45930613,Strength
44888,Barbell Bench Press,Push,60,5,300,67.50675068,Strength
44888,Barbell Bench Press,Push,65,3,195,68.82676832,Strength
44888,Barbell Bench Press,Push,65,3,195,68.82676832,Strength
44891,Barbell Deadlift,Hinge,105,3,315,111.1817027,Strength
44891,Barbell Deadlift,Hinge,110,3,330,116.4760695,Strength
44891,Barbell Deadlift,Hinge,110,3,330,116.4760695,Strength
44891,Barbell Deadlift,Hinge,115,3,345,121.7704363,Strength
44891,Barbell Deadlift,Hinge,120,3,360,127.064803,Strength
44891,Barbell Squat,Legs,65,3,195,68.82676832,Strength
44891,Barbell Squat,Legs,65,3,195,68.82676832,Strength
44891,Barbell Squat,Legs,65,3,195,68.82676832,Strength
44891,Barbell Squat,Legs,65,3,195,68.82676832,Strength
44891,Barbell Squat,Legs,65,3,195,68.82676832,Strength
44893,Barbell Row,Pull,65,7,455,78.012482,Hypertrophy
44893,Barbell Row,Pull,65,7,455,78.012482,Hypertrophy
44893,Barbell Row,Pull,65,7,455,78.012482,Hypertrophy
44893,Barbell Row,Pull,65,7,455,78.012482,Hypertrophy
44893,Barbell Bench Press,Push,55,8,440,68.28904892,Hypertrophy
44893,Barbell Bench Press,Push,60,8,480,74.49714428,Hypertrophy
44893,Barbell Bench Press,Push,60,8,480,74.49714428,Hypertrophy
44893,Barbell Bench Press,Push,60,8,480,74.49714428,Hypertrophy
44894,Barbell Deadlift,Hinge,110,6,660,127.7584204,Hypertrophy
44894,Barbell Deadlift,Hinge,110,6,660,127.7584204,Hypertrophy
44894,Barbell Deadlift,Hinge,110,6,660,127.7584204,Hypertrophy
44894,Barbell Deadlift,Hinge,105,8,840,130.3700025,Hypertrophy
44894,Barbell Squat,Legs,65,5,325,73.13231323,Hypertrophy
44894,Barbell Squat,Legs,65,5,325,73.13231323,Hypertrophy
44894,Barbell Squat,Legs,65,5,325,73.13231323,Hypertrophy
44894,Barbell Squat,Legs,70,5,350,78.75787579,Hypertrophy
44896,Barbell Overhead Press,Push,38,8,304,47.18152471,Hypertrophy
44896,Barbell Overhead Press,Push,43,8,344,53.38962006,Hypertrophy
44896,Barbell Overhead Press,Push,43,8,344,53.38962006,Hypertrophy
44896,Barbell Overhead Press,Push,43,8,344,53.38962006,Hypertrophy
44898,Barbell Deadlift,Hinge,105,8,840,130.3700025,Hypertrophy
44898,Barbell Deadlift,Hinge,105,8,840,130.3700025,Hypertrophy
44898,Barbell Deadlift,Hinge,105,8,840,130.3700025,Hypertrophy
44898,Barbell Deadlift,Hinge,110,8,880,136.5780978,Hypertrophy
44898,Barbell Squat,Legs,65,6,390,75.49361208,Hypertrophy
44898,Barbell Squat,Legs,65,7,455,78.012482,Hypertrophy
44898,Barbell Squat,Legs,65,8,520,80.70523963,Hypertrophy
44898,Barbell Squat,Legs,65,8,520,80.70523963,Hypertrophy
44900,Barbell Row,Pull,65,8,520,80.70523963,Hypertrophy
44900,Barbell Row,Pull,65,8,520,80.70523963,Hypertrophy
44900,Barbell Row,Pull,65,8,520,80.70523963,Hypertrophy
44900,Barbell Row,Pull,65,8,520,80.70523963,Hypertrophy
44900,Barbell Bench Press,Push,60,8,480,74.49714428,Hypertrophy
44900,Barbell Bench Press,Push,55,10,550,73.35289411,Hypertrophy
44900,Barbell Bench Press,Push,55,10,550,73.35289411,Hypertrophy
44900,Barbell Bench Press,Push,55,10,550,73.35289411,Hypertrophy
44901,Barbell Deadlift,Hinge,105,8,840,130.3700025,Hypertrophy
44901,Barbell Deadlift,Hinge,110,8,880,136.5780978,Hypertrophy
44901,Barbell Deadlift,Hinge,110,8,880,136.5780978,Hypertrophy
44901,Barbell Deadlift,Hinge,110,8,880,136.5780978,Hypertrophy
44901,Barbell Squat,Legs,65,8,520,80.70523963,Hypertrophy
44901,Barbell Squat,Legs,65,8,520,80.70523963,Hypertrophy
44901,Barbell Squat,Legs,65,8,520,80.70523963,Hypertrophy
44901,Barbell Squat,Legs,65,8,520,80.70523963,Hypertrophy
44902,Barbell Overhead Press,Push,43,8,344,53.38962006,Hypertrophy
44902,Barbell Overhead Press,Push,43,8,344,53.38962006,Hypertrophy
44902,Barbell Overhead Press,Push,43,8,344,53.38962006,Hypertrophy
44902,Barbell Overhead Press,Push,43,8,344,53.38962006,Hypertrophy
44903,Barbell Deadlift,Hinge,105,8,840,130.3700025,Hypertrophy
44903,Barbell Deadlift,Hinge,95,10,950,126.7004535,Hypertrophy
44903,Barbell Deadlift,Hinge,95,10,950,126.7004535,Hypertrophy
44903,Barbell Deadlift,Hinge,95,10,950,126.7004535,Hypertrophy
44903,Barbell Squat,Legs,65,8,520,80.70523963,Hypertrophy
44903,Barbell Squat,Legs,65,8,520,80.70523963,Hypertrophy
44903,Barbell Squat,Legs,65,8,520,80.70523963,Hypertrophy
44903,Barbell Squat,Legs,65,8,520,80.70523963,Hypertrophy
44908,Barbell Row,Pull,65,8,520,80.70523963,Hypertrophy
44908,Barbell Row,Pull,65,9,585,83.59053498,Hypertrophy
44908,Barbell Row,Pull,65,9,585,83.59053498,Hypertrophy
44908,Barbell Row,Pull,65,9,585,83.59053498,Hypertrophy
44908,Barbell Bench Press,Push,55,10,550,73.35289411,Hypertrophy
44908,Barbell Bench Press,Push,55,10,550,73.35289411,Hypertrophy
44908,Barbell Bench Press,Push,55,12,660,79.22788822,Hypertrophy
44908,Barbell Bench Press,Push,55,12,660,79.22788822,Hypertrophy
44909,Barbell Deadlift,Hinge,95,10,950,126.7004535,Hypertrophy
44909,Barbell Deadlift,Hinge,95,10,950,126.7004535,Hypertrophy
44909,Barbell Deadlift,Hinge,95,10,950,126.7004535,Hypertrophy
44909,Barbell Deadlift,Hinge,95,10,950,126.7004535,Hypertrophy
44910,Barbell Overhead Press,Push,43,8,344,53.38962006,Hypertrophy
44910,Barbell Overhead Press,Push,45.5,8,364,56.49366774,Hypertrophy
44910,Barbell Overhead Press,Push,45.5,8,364,56.49366774,Hypertrophy
44910,Barbell Overhead Press,Push,45.5,8,364,56.49366774,Hypertrophy
44911,Barbell Squat,Legs,67.5,8,540,83.80928731,Hypertrophy
44911,Barbell Squat,Legs,67.5,8,540,83.80928731,Hypertrophy
44911,Barbell Squat,Legs,67.5,8,540,83.80928731,Hypertrophy
44911,Barbell Squat,Legs,67.5,8,540,83.80928731,Hypertrophy
44914,Barbell Row,Pull,67.5,8,540,83.80928731,Hypertrophy
44914,Barbell Row,Pull,67.5,8,540,83.80928731,Hypertrophy
44914,Barbell Row,Pull,67.5,8,540,83.80928731,Hypertrophy
44914,Barbell Row,Pull,60,6,360,69.68641115,Hypertrophy
44914,Barbell Bench Press,Push,57.5,10,575,76.68711656,Hypertrophy
44914,Barbell Bench Press,Push,57.5,10,575,76.68711656,Hypertrophy
44914,Barbell Bench Press,Push,57.5,10,575,76.68711656,Hypertrophy
44914,Barbell Bench Press,Push,57.5,10,575,76.68711656,Hypertrophy
44916,Barbell Deadlift,Hinge,95,12,1140,136.8481706,Hypertrophy
44916,Barbell Deadlift,Hinge,100,12,1200,144.0507058,Hypertrophy
44916,Barbell Deadlift,Hinge,100,12,1200,144.0507058,Hypertrophy
44918,Barbell Overhead Press,Push,43,12,516,61.94180351,Hypertrophy
44918,Barbell Overhead Press,Push,45.5,10,455,60.68284876,Hypertrophy
44918,Barbell Overhead Press,Push,45.5,10,455,60.68284876,Hypertrophy
44919,Barbell Deadlift,Hinge,95,12,1140,136.8481706,Hypertrophy
44919,Barbell Deadlift,Hinge,95,12,1140,136.8481706,Hypertrophy
44919,Barbell Deadlift,Hinge,95,12,1140,136.8481706,Hypertrophy
44919,Barbell Squat,Legs,65,10,650,86.68978394,Hypertrophy
44919,Barbell Squat,Legs,65,10,650,86.68978394,Hypertrophy
44919,Barbell Squat,Legs,65,10,650,86.68978394,Hypertrophy
44923,Barbell Deadlift,Hinge,100,12,1200,144.0507058,Hypertrophy
44923,Barbell Deadlift,Hinge,100,12,1200,144.0507058,Hypertrophy
44923,Barbell Deadlift,Hinge,105,10,1050,140.0373433,Hypertrophy
44925,Barbell Bench Press,Push,57.5,11,632.5,79.6398892,Hypertrophy
44925,Barbell Bench Press,Push,57.5,11,632.5,79.6398892,Hypertrophy
44925,Barbell Bench Press,Push,57.5,11,632.5,79.6398892,Hypertrophy
44929,Barbell Deadlift,Hinge,105,5,525,118.1368137,Hypertrophy
44929,Barbell Deadlift,Hinge,110,5,550,123.7623762,Hypertrophy
44929,Barbell Deadlift,Hinge,115,5,575,129.3879388,Hypertrophy
44929,Barbell Deadlift,Hinge,115,5,575,129.3879388,Hypertrophy
44929,Barbell Deadlift,Hinge,117.5,4,470,128.1911412,Hypertrophy
44930,Barbell Row,Pull,70,3,210,74.12113511,Hypertrophy
44930,Barbell Row,Pull,70,3,210,74.12113511,Hypertrophy
44930,Barbell Row,Pull,70,3,210,74.12113511,Hypertrophy
44930,Barbell Row,Pull,70,3,210,74.12113511,Hypertrophy
44930,Barbell Row,Pull,70,3,210,74.12113511,Hypertrophy
44930,Barbell Bench Press,Push,65,4,260,70.91424831,Hypertrophy
44930,Barbell Bench Press,Push,65,4,260,70.91424831,Hypertrophy
44930,Barbell Bench Press,Push,65,4,260,70.91424831,Hypertrophy
44930,Barbell Bench Press,Push,65,4,260,70.91424831,Hypertrophy
44930,Barbell Bench Press,Push,65,3,195,68.82676832,Hypertrophy
44932,Barbell Deadlift,Hinge,110,5,550,123.7623762,Hypertrophy
44932,Barbell Deadlift,Hinge,110,5,550,123.7623762,Hypertrophy
44932,Barbell Deadlift,Hinge,110,6,660,127.7584204,Hypertrophy
44932,Barbell Deadlift,Hinge,110,6,660,127.7584204,Hypertrophy
44932,Barbell Deadlift,Hinge,110,6,660,127.7584204,Hypertrophy
44932,Barbell Squat,Legs,65,5,325,73.13231323,Hypertrophy
44932,Barbell Squat,Legs,70,4,280,76.36919049,Hypertrophy
44932,Barbell Squat,Legs,70,5,350,78.75787579,Hypertrophy
44932,Barbell Squat,Legs,70,4,280,76.36919049,Hypertrophy
44932,Barbell Squat,Legs,70,5,350,78.75787579,Hypertrophy
44933,Barbell Overhead Press,Push,48,3,144,50.82592122,Hypertrophy
44933,Barbell Overhead Press,Push,48,3,144,50.82592122,Hypertrophy
44933,Barbell Overhead Press,Push,48,3,144,50.82592122,Hypertrophy
44933,Barbell Overhead Press,Push,48,3,144,50.82592122,Hypertrophy
44933,Barbell Overhead Press,Push,48,3,144,50.82592122,Hypertrophy
44935,Barbell Row,Pull,70,3,210,74.12113511,Hypertrophy
44935,Barbell Row,Pull,70,3,210,74.12113511,Hypertrophy
44935,Barbell Row,Pull,70,3,210,74.12113511,Hypertrophy
44935,Barbell Row,Pull,70,4,280,76.36919049,Hypertrophy
44935,Barbell Row,Pull,70,4,280,76.36919049,Hypertrophy
44935,Barbell Bench Press,Push,65,3,195,68.82676832,Hypertrophy
44935,Barbell Bench Press,Push,65,3,195,68.82676832,Hypertrophy
44935,Barbell Bench Press,Push,62.5,5,312.5,70.31953195,Hypertrophy
44935,Barbell Bench Press,Push,62.5,5,312.5,70.31953195,Hypertrophy
44935,Barbell Bench Press,Push,62.5,5,312.5,70.31953195,Hypertrophy
44937,Barbell Deadlift,Hinge,110,5,550,123.7623762,Hypertrophy
44937,Barbell Deadlift,Hinge,112.5,3,337.5,119.1232529,Hypertrophy
44937,Barbell Deadlift,Hinge,112.5,3,337.5,119.1232529,Hypertrophy
44937,Barbell Deadlift,Hinge,112.5,4,450,122.736199,Hypertrophy
44937,Barbell Deadlift,Hinge,112.5,5,562.5,126.5751575,Hypertrophy
44939,Barbell Overhead Press,Push,43,5,215,48.37983798,Hypertrophy
44939,Barbell Overhead Press,Push,48,3,144,50.82592122,Hypertrophy
44939,Barbell Overhead Press,Push,48,3,144,50.82592122,Hypertrophy
44939,Barbell Overhead Press,Push,48,4,192,52.36744491,Hypertrophy
44939,Barbell Overhead Press,Push,48,5,240,54.00540054,Hypertrophy
44940,Barbell Squat,Legs,70,4,280,76.36919049,Hypertrophy
44940,Barbell Squat,Legs,70,4,280,76.36919049,Hypertrophy
44940,Barbell Squat,Legs,70,4,280,76.36919049,Hypertrophy
44940,Barbell Squat,Legs,70,4,280,76.36919049,Hypertrophy
44940,Barbell Squat,Legs,70,4,280,76.36919049,Hypertrophy
44942,Barbell Row,Pull,65,6,390,75.49361208,Hypertrophy
44942,Barbell Row,Pull,70,4,280,76.36919049,Hypertrophy
44942,Barbell Row,Pull,70,4,280,76.36919049,Hypertrophy
44942,Barbell Row,Pull,70,4,280,76.36919049,Hypertrophy
44942,Barbell Row,Pull,70,4,280,76.36919049,Hypertrophy
44942,Barbell Bench Press,Push,60,5,300,67.50675068,Hypertrophy
44942,Barbell Bench Press,Push,62.5,4,250,68.18677722,Hypertrophy
44942,Barbell Bench Press,Push,62.5,4,250,68.18677722,Hypertrophy
44942,Barbell Bench Press,Push,62.5,4,250,68.18677722,Hypertrophy
44942,Barbell Bench Press,Push,62.5,4,250,68.18677722,Hypertrophy
44943,Barbell Deadlift,Hinge,105,5,525,118.1368137,Hypertrophy
44943,Barbell Deadlift,Hinge,110,4,440,120.0087279,Hypertrophy
44943,Barbell Deadlift,Hinge,110,4,440,120.0087279,Hypertrophy
44943,Barbell Deadlift,Hinge,110,5,550,123.7623762,Hypertrophy
44943,Barbell Deadlift,Hinge,110,5,550,123.7623762,Hypertrophy
44945,Barbell Overhead Press,Push,48,4,192,52.36744491,Hypertrophy
44945,Barbell Overhead Press,Push,48,4,192,52.36744491,Hypertrophy
44945,Barbell Overhead Press,Push,43,6,258,49.94192799,Hypertrophy
44945,Barbell Overhead Press,Push,43,6,258,49.94192799,Hypertrophy
44945,Barbell Overhead Press,Push,45.5,6,273,52.84552846,Hypertrophy
44946,Barbell Squat,Legs,65,5,325,73.13231323,Hypertrophy
44946,Barbell Squat,Legs,70,4,280,76.36919049,Hypertrophy
44946,Barbell Squat,Legs,70,5,350,78.75787579,Hypertrophy
44946,Barbell Squat,Legs,70,5,350,78.75787579,Hypertrophy
44946,Barbell Squat,Legs,70,5,350,78.75787579,Hypertrophy
44949,Barbell Bench Press,Push,55,6,330,63.87921022,Hypertrophy
44949,Barbell Bench Press,Push,60,6,360,69.68641115,Hypertrophy
44949,Barbell Bench Press,Push,60,6,360,69.68641115,Hypertrophy
44949,Barbell Row,Pull,65,6,390,75.49361208,Hypertrophy
44949,Barbell Row,Pull,65,6,390,75.49361208,Hypertrophy
44949,Barbell Bench Press,Push,60,6,360,69.68641115,Hypertrophy
44949,Barbell Bench Press,Push,60,6,360,69.68641115,Hypertrophy
44949,Barbell Row,Pull,65,6,390,75.49361208,Hypertrophy
44949,Barbell Row,Pull,65,6,390,75.49361208,Hypertrophy
44949,Barbell Row,Pull,65,6,390,75.49361208,Hypertrophy
44952,Barbell Overhead Press,Push,43,6,258,49.94192799,Hypertrophy
44952,Barbell Overhead Press,Push,43,6,258,49.94192799,Hypertrophy
44952,Barbell Overhead Press,Push,43,6,258,49.94192799,Hypertrophy
44952,Barbell Overhead Press,Push,45.5,5,227.5,51.19261926,Hypertrophy
44952,Barbell Overhead Press,Push,45.5,5,227.5,51.19261926,Hypertrophy
44954,Barbell Deadlift,Hinge,95,5,475,106.8856886,Hypertrophy
44954,Barbell Deadlift,Hinge,95,6,570,110.3368177,Hypertrophy
44954,Barbell Deadlift,Hinge,95,6,570,110.3368177,Hypertrophy
44954,Barbell Deadlift,Hinge,95,6,570,110.3368177,Hypertrophy
44954,Barbell Deadlift,Hinge,95,6,570,110.3368177,Hypertrophy
44954,Barbell Squat,Legs,55,5,275,61.88118812,Hypertrophy
44954,Barbell Squat,Legs,60,5,300,67.50675068,Hypertrophy
44954,Barbell Squat,Legs,60,5,300,67.50675068,Hypertrophy
44954,Barbell Squat,Legs,60,5,300,67.50675068,Hypertrophy
44954,Barbell Squat,Legs,60,5,300,67.50675068,Hypertrophy
44956,Barbell Row,Pull,65,5,325,73.13231323,Strength
44956,Barbell Row,Pull,67.5,5,337.5,75.94509451,Strength
44956,Barbell Row,Pull,67.5,5,337.5,75.94509451,Strength
44956,Barbell Row,Pull,67.5,5,337.5,75.94509451,Strength
44956,Barbell Row,Pull,70,5,350,78.75787579,Strength
44956,Barbell Bench Press,Push,60,5,300,67.50675068,Strength
44956,Barbell Bench Press,Push,60,5,300,67.50675068,Strength
44956,Barbell Bench Press,Push,60,5,300,67.50675068,Strength
44956,Barbell Bench Press,Push,65,3,195,68.82676832,Strength
44956,Barbell Bench Press,Push,65,3,195,68.82676832,Strength
44957,Barbell Deadlift,Hinge,110,3,330,116.4760695,Strength
44957,Barbell Deadlift,Hinge,115,3,345,121.7704363,Strength
44957,Barbell Deadlift,Hinge,115,3,345,121.7704363,Strength
44957,Barbell Deadlift,Hinge,115,3,345,121.7704363,Strength
44957,Barbell Deadlift,Hinge,115,3,345,121.7704363,Strength
44959,Barbell Overhead Press,Push,45.5,3,136.5,48.17873782,Strength
44959,Barbell Overhead Press,Push,45.5,4,182,49.63997382,Strength
44959,Barbell Overhead Press,Push,45.5,5,227.5,51.19261926,Strength
44959,Barbell Overhead Press,Push,43,5,215,48.37983798,Strength
44959,Barbell Overhead Press,Push,43,5,215,48.37983798,Strength
44961,Barbell Squat,Legs,65,3,195,68.82676832,Strength
44961,Barbell Squat,Legs,65,4,260,70.91424831,Strength
44961,Barbell Squat,Legs,65,5,325,73.13231323,Strength
44961,Barbell Squat,Legs,70,3,210,74.12113511,Strength
44961,Barbell Squat,Legs,70,3,210,74.12113511,Strength
44967,Barbell Deadlift,Hinge,110,3,330,116.4760695,Strength
44967,Barbell Deadlift,Hinge,110,3,330,116.4760695,Strength
44967,Barbell Deadlift,Hinge,105,5,525,118.1368137,Strength
44967,Barbell Deadlift,Hinge,105,5,525,118.1368137,Strength
44967,Barbell Deadlift,Hinge,105,5,525,118.1368137,Strength
44970,Barbell Row,Pull,53,10,530,70.68551614,Hypertrophy
44970,Barbell Row,Pull,53,10,530,70.68551614,Hypertrophy
44970,Barbell Row,Pull,58,8,464,72.01390613,Hypertrophy
44970,Barbell Row,Pull,58,10,580,77.35396106,Hypertrophy
44970,Barbell Overhead Press,Push,40.5,8,324,50.28557239,Hypertrophy
44970,Barbell Overhead Press,Push,40.5,8,324,50.28557239,Hypertrophy
44970,Barbell Overhead Press,Push,38,10,380,50.68018138,Hypertrophy
44970,Barbell Overhead Press,Push,38,12,456,54.73926822,Hypertrophy
44971,Barbell Squat,Legs,55,8,440,68.28904892,Hypertrophy
44971,Barbell Squat,Legs,55,8,440,68.28904892,Hypertrophy
44971,Barbell Squat,Legs,55,8,440,68.28904892,Hypertrophy
44971,Barbell Squat,Legs,55,8,440,68.28904892,Hypertrophy
44973,Barbell Bench Press,Push,55,8,440,68.28904892,Hypertrophy
44973,Barbell Bench Press,Push,55,8,440,68.28904892,Hypertrophy
44973,Barbell Bench Press,Push,55,10,550,73.35289411,Hypertrophy
44973,Barbell Bench Press,Push,55,10,550,73.35289411,Hypertrophy
44974,Barbell Deadlift,Hinge,95,8,760,117.9538118,Hypertrophy
44974,Barbell Deadlift,Hinge,95,10,950,126.7004535,Hypertrophy
44974,Barbell Deadlift,Hinge,95,12,1140,136.8481706,Hypertrophy
44974,Barbell Deadlift,Hinge,95,12,1140,136.8481706,Hypertrophy
44977,Barbell Overhead Press,Push,38,12,456,54.73926822,Hypertrophy
44977,Barbell Overhead Press,Push,38,12,456,54.73926822,Hypertrophy
44977,Barbell Overhead Press,Push,38,12,456,54.73926822,Hypertrophy
44977,Barbell Overhead Press,Push,40.5,8,324,50.28557239,Hypertrophy
44978,Barbell Squat,Legs,55,8,440,68.28904892,Hypertrophy
44978,Barbell Squat,Legs,55,8,440,68.28904892,Hypertrophy
44978,Barbell Squat,Legs,55,8,440,68.28904892,Hypertrophy
44978,Barbell Squat,Legs,55,8,440,68.28904892,Hypertrophy
44982,Barbell Deadlift,Hinge,85,10,850,113.3635636,Hypertrophy
44982,Barbell Deadlift,Hinge,85,10,850,113.3635636,Hypertrophy
44982,Barbell Deadlift,Hinge,90,10,900,120.0320085,Hypertrophy
44982,Barbell Deadlift,Hinge,90,10,900,120.0320085,Hypertrophy
44984,Barbell Bench Press,Push,50,10,500,66.68444919,Hypertrophy
44984,Barbell Bench Press,Push,55,8,440,68.28904892,Hypertrophy
44984,Barbell Bench Press,Push,55,8,440,68.28904892,Hypertrophy
44984,Barbell Bench Press,Push,50,12,600,72.02535292,Hypertrophy
44985,Barbell Squat,Legs,55,9,495,70.73045267,Hypertrophy
44985,Barbell Squat,Legs,55,9,495,70.73045267,Hypertrophy
44985,Barbell Squat,Legs,55,9,495,70.73045267,Hypertrophy
44985,Barbell Squat,Legs,55,9,495,70.73045267,Hypertrophy
44988,Barbell Overhead Press,Push,38,10,380,50.68018138,Hypertrophy
44988,Barbell Overhead Press,Push,38,10,380,50.68018138,Hypertrophy
44988,Barbell Overhead Press,Push,40.5,10,405,54.01440384,Hypertrophy
44988,Barbell Overhead Press,Push,40.5,10,405,54.01440384,Hypertrophy
44989,Barbell Deadlift,Hinge,85,10,850,113.3635636,Hypertrophy
44989,Barbell Deadlift,Hinge,85,10,850,113.3635636,Hypertrophy
44989,Barbell Deadlift,Hinge,85,10,850,113.3635636,Hypertrophy
44989,Barbell Deadlift,Hinge,85,12,1020,122.4431,Hypertrophy
44991,Barbell Bench Press,Push,50,10,500,66.68444919,Hypertrophy
44991,Barbell Bench Press,Push,50,12,600,72.02535292,Hypertrophy
44991,Barbell Bench Press,Push,50,12,600,72.02535292,Hypertrophy
44991,Barbell Bench Press,Push,50,12,600,72.02535292,Hypertrophy
44992,Barbell Squat,Legs,55,10,550,73.35289411,Hypertrophy
44992,Barbell Squat,Legs,55,10,550,73.35289411,Hypertrophy
44992,Barbell Squat,Legs,55,10,550,73.35289411,Hypertrophy
44992,Barbell Squat,Legs,55,10,550,73.35289411,Hypertrophy
44995,Barbell Overhead Press,Push,38,10,380,50.68018138,Hypertrophy
44995,Barbell Overhead Press,Push,40.5,8,324,50.28557239,Hypertrophy
44995,Barbell Overhead Press,Push,40.5,10,405,54.01440384,Hypertrophy
44995,Barbell Overhead Press,Push,40.5,10,405,54.01440384,Hypertrophy
44998,Barbell Row,Pull,55,12,660,79.22788822,Hypertrophy
44998,Barbell Row,Pull,55,12,660,79.22788822,Hypertrophy
44998,Barbell Row,Pull,55,12,660,79.22788822,Hypertrophy
44998,Barbell Row,Pull,55,12,660,79.22788822,Hypertrophy
44998,Barbell Bench Press,Push,50,12,600,72.02535292,Hypertrophy
44998,Barbell Bench Press,Push,50,12,600,72.02535292,Hypertrophy
44998,Barbell Bench Press,Push,50,12,600,72.02535292,Hypertrophy
44998,Barbell Bench Press,Push,50,12,600,72.02535292,Hypertrophy
44999,Barbell Squat,Legs,60,8,480,74.49714428,Hypertrophy
44999,Barbell Squat,Legs,60,8,480,74.49714428,Hypertrophy
44999,Barbell Squat,Legs,60,8,480,74.49714428,Hypertrophy
44999,Barbell Squat,Legs,60,8,480,74.49714428,Hypertrophy
45001,Barbell Overhead Press,Push,38,8,304,47.18152471,Hypertrophy
45001,Barbell Overhead Press,Push,40.5,8,324,50.28557239,Hypertrophy
45001,Barbell Overhead Press,Push,40.5,10,405,54.01440384,Hypertrophy
45001,Barbell Overhead Press,Push,40.5,10,405,54.01440384,Hypertrophy
45002,Barbell Deadlift,Hinge,85,8,680,105.5376211,Hypertrophy
45002,Barbell Deadlift,Hinge,85,10,850,113.3635636,Hypertrophy
45002,Barbell Deadlift,Hinge,85,10,850,113.3635636,Hypertrophy
45002,Barbell Deadlift,Hinge,85,12,1020,122.4431,Hypertrophy
45002,Barbell Squat,Legs,45,10,450,60.01600427,Hypertrophy
45002,Barbell Squat,Legs,55,6,330,63.87921022,Hypertrophy
45002,Barbell Squat,Legs,55,7,385,66.01056169,Hypertrophy
45002,Barbell Squat,Legs,55,8,440,68.28904892,Hypertrophy
45009,Barbell Squat,Legs,45,12,540,64.82281763,Hypertrophy
45009,Barbell Squat,Legs,50,10,500,66.68444919,Hypertrophy
45009,Barbell Squat,Legs,50,10,500,66.68444919,Hypertrophy
45009,Barbell Squat,Legs,45,12,540,64.82281763,Hypertrophy
45013,Barbell Row,Pull,55,5,275,61.88118812,Hypertrophy
45013,Barbell Row,Pull,65,4,260,70.91424831,Hypertrophy
45013,Barbell Row,Pull,65,4,260,70.91424831,Hypertrophy
45013,Barbell Row,Pull,65,4,260,70.91424831,Hypertrophy
45013,Barbell Row,Pull,65,5,325,73.13231323,Hypertrophy
45013,Barbell Bench Press,Push,55,5,275,61.88118812,Hypertrophy
45013,Barbell Bench Press,Push,55,5,275,61.88118812,Hypertrophy
45013,Barbell Bench Press,Push,60,3,180,63.53240152,Hypertrophy
45013,Barbell Bench Press,Push,60,3,180,63.53240152,Hypertrophy
45013,Barbell Bench Press,Push,60,4,240,65.45930613,Hypertrophy
45014,Barbell Squat,Legs,65,3,195,68.82676832,Hypertrophy
45014,Barbell Squat,Legs,65,3,195,68.82676832,Hypertrophy
45014,Barbell Squat,Legs,65,4,260,70.91424831,Hypertrophy
45014,Barbell Squat,Legs,65,4,260,70.91424831,Hypertrophy
45014,Barbell Squat,Legs,70,3,210,74.12113511,Hypertrophy
45016,Barbell Overhead Press,Push,38,5,190,42.75427543,Hypertrophy
45016,Barbell Overhead Press,Push,43,4,172,46.91250273,Hypertrophy
45016,Barbell Overhead Press,Push,43,5,215,48.37983798,Hypertrophy
45016,Barbell Overhead Press,Push,45.5,3,136.5,48.17873782,Hypertrophy
45016,Barbell Overhead Press,Push,45.5,4,182,49.63997382,Hypertrophy
45017,Barbell Deadlift,Hinge,95,5,475,106.8856886,Strength
45017,Barbell Deadlift,Hinge,100,5,500,112.5112511,Strength
45017,Barbell Deadlift,Hinge,100,5,500,112.5112511,Strength
45017,Barbell Deadlift,Hinge,105,4,420,114.5537857,Strength
45017,Barbell Deadlift,Hinge,110,2,220,113.1454433,Strength
45019,Barbell Bench Press,Push,55,5,275,61.88118812,Strength
45019,Barbell Bench Press,Push,60,3,180,63.53240152,Strength
45019,Barbell Bench Press,Push,60,3,180,63.53240152,Strength
45019,Barbell Bench Press,Push,60,5,300,67.50675068,Strength
45019,Barbell Bench Press,Push,65,3,195,68.82676832,Strength
45019,Barbell Row,Pull,65,4,260,70.91424831,Strength
45019,Barbell Row,Pull,65,4,260,70.91424831,Strength
45019,Barbell Row,Pull,65,4,260,70.91424831,Strength
45019,Barbell Row,Pull,65,4,260,70.91424831,Strength
45019,Barbell Row,Pull,65,4,260,70.91424831,Strength
45020,Barbell Squat,Legs,65,3,195,68.82676832,Strength
45020,Barbell Squat,Legs,65,3,195,68.82676832,Strength
45020,Barbell Squat,Legs,70,3,210,74.12113511,Strength
45020,Barbell Squat,Legs,70,3,210,74.12113511,Strength
45020,Barbell Squat,Legs,75,2,150,77.14462045,Strength
45023,Barbell Overhead Press,Push,38,5,190,42.75427543,Strength
45023,Barbell Overhead Press,Push,43,5,215,48.37983798,Strength
45023,Barbell Overhead Press,Push,43,5,215,48.37983798,Strength
45023,Barbell Overhead Press,Push,45.5,4,182,49.63997382,Strength
45023,Barbell Overhead Press,Push,45.5,5,227.5,51.19261926,Strength
45026,Barbell Row,Pull,65,5,325,73.13231323,Strength
45026,Barbell Row,Pull,67.5,4,270,73.6417194,Strength
45026,Barbell Row,Pull,67.5,4,270,73.6417194,Strength
45026,Barbell Row,Pull,67.5,4,270,73.6417194,Strength
45026,Barbell Row,Pull,67.5,4,270,73.6417194,Strength
45026,Barbell Bench Press,Push,60,3,180,63.53240152,Strength
45026,Barbell Bench Press,Push,60,3,180,63.53240152,Strength
45026,Barbell Bench Press,Push,65,2,130,66.85867106,Strength
45026,Barbell Bench Press,Push,62.5,3,187.5,66.17958492,Strength
45026,Barbell Bench Press,Push,62.5,3,187.5,66.17958492,Strength
45027,Barbell Squat,Legs,65,3,195,68.82676832,Strength
45027,Barbell Squat,Legs,70,3,210,74.12113511,Strength
45027,Barbell Squat,Legs,70,3,210,74.12113511,Strength
45027,Barbell Squat,Legs,75,2,150,77.14462045,Strength
45027,Barbell Squat,Legs,75,3,225,79.41550191,Strength
45029,Barbell Overhead Press,Push,43,5,215,48.37983798,Strength
45029,Barbell Overhead Press,Push,43,5,215,48.37983798,Strength
45029,Barbell Overhead Press,Push,45.5,4,182,49.63997382,Strength
45029,Barbell Overhead Press,Push,45.5,4,182,49.63997382,Strength
45029,Barbell Overhead Press,Push,48,3,144,50.82592122,Strength
45030,Barbell Deadlift,Hinge,100,5,500,112.5112511,Strength
45030,Barbell Deadlift,Hinge,105,4,420,114.5537857,Strength
45030,Barbell Deadlift,Hinge,110,3,330,116.4760695,Strength
45030,Barbell Deadlift,Hinge,115,2,230,118.288418,Strength
45030,Barbell Deadlift,Hinge,120,1,120,120,Strength
45033,Barbell Row,Pull,65,5,325,73.13231323,Strength
45033,Barbell Row,Pull,65,5,325,73.13231323,Strength
45033,Barbell Row,Pull,67.5,5,337.5,75.94509451,Strength
45033,Barbell Row,Pull,67.5,5,337.5,75.94509451,Strength
45033,Barbell Row,Pull,70,4,280,76.36919049,Strength
45033,Barbell Bench Press,Push,55,5,275,61.88118812,Strength
45033,Barbell Bench Press,Push,60,4,240,65.45930613,Strength
45033,Barbell Bench Press,Push,60,4,240,65.45930613,Strength
45033,Barbell Bench Press,Push,65,2,130,66.85867106,Strength
45033,Barbell Bench Press,Push,65,3,195,68.82676832,Strength
45034,Barbell Squat,Legs,65,5,325,73.13231323,Strength
45034,Barbell Squat,Legs,70,3,210,74.12113511,Strength
45034,Barbell Squat,Legs,70,4,280,76.36919049,Strength
45034,Barbell Squat,Legs,75,3,225,79.41550191,Strength
45034,Barbell Squat,Legs,75,3,225,79.41550191,Strength
45037,Barbell Overhead Press,Push,38,5,190,42.75427543,Strength
45037,Barbell Overhead Press,Push,43,5,215,48.37983798,Strength
45037,Barbell Overhead Press,Push,43,4,172,46.91250273,Strength
45037,Barbell Overhead Press,Push,43,5,215,48.37983798,Strength
45037,Barbell Overhead Press,Push,43,5,215,48.37983798,Strength
45038,Barbell Deadlift,Hinge,95,5,475,106.8856886,Strength
45038,Barbell Deadlift,Hinge,95,5,475,106.8856886,Strength
45038,Barbell Deadlift,Hinge,100,4,400,109.0988436,Strength
45038,Barbell Deadlift,Hinge,105,3,315,111.1817027,Strength
45038,Barbell Deadlift,Hinge,110,2,220,113.1454433,Strength
45041,Barbell Row,Pull,67.5,5,337.5,75.94509451,Strength
45041,Barbell Row,Pull,67.5,5,337.5,75.94509451,Strength
45041,Barbell Row,Pull,70,4,280,76.36919049,Strength
45041,Barbell Bench Press,Push,55,5,275,61.88118812,Strength
45041,Barbell Bench Press,Push,60,4,240,65.45930613,Strength
45041,Barbell Bench Press,Push,60,4,240,65.45930613,Strength
45041,Barbell Bench Press,Push,65,3,195,68.82676832,Strength
45041,Barbell Row,Pull,70,4,280,76.36919049,Strength
45041,Barbell Row,Pull,72.5,3,217.5,76.76831851,Strength
45041,Barbell Bench Press,Push,67.5,1,67.5,67.5,Strength
45042,Barbell Squat,Legs,65,5,325,73.13231323,Strength
45042,Barbell Squat,Legs,70,4,280,76.36919049,Strength
45042,Barbell Squat,Legs,75,3,225,79.41550191,Strength
45042,Barbell Squat,Legs,75,3,225,79.41550191,Strength
45042,Barbell Squat,Legs,75,3,225,79.41550191,Strength
45044,Barbell Overhead Press,Push,43,5,215,48.37983798,Strength
45044,Barbell Overhead Press,Push,43,5,215,48.37983798,Strength
45044,Barbell Overhead Press,Push,45.5,4,182,49.63997382,Strength
45044,Barbell Overhead Press,Push,48,3,144,50.82592122,Strength
45044,Barbell Overhead Press,Push,48,5,240,54.00540054,Strength
45045,Barbell Deadlift,Hinge,95,5,475,106.8856886,Strength
45045,Barbell Deadlift,Hinge,100,5,500,112.5112511,Strength
45045,Barbell Deadlift,Hinge,105,5,525,118.1368137,Strength
45045,Barbell Deadlift,Hinge,110,3,330,116.4760695,Strength
45045,Barbell Deadlift,Hinge,115,3,345,121.7704363,Strength
45052,Barbell Squat,Legs,55,10,550,73.35289411,Hypertrophy
45052,Barbell Squat,Legs,65,8,520,80.70523963,Hypertrophy
45052,Barbell Squat,Legs,65,8,520,80.70523963,Hypertrophy
45052,Barbell Squat,Legs,65,8,520,80.70523963,Hypertrophy
45055,Barbell Row,Pull,55,8,440,68.28904892,Hypertrophy
45055,Barbell Row,Pull,55,10,550,73.35289411,Hypertrophy
45055,Barbell Row,Pull,55,10,550,73.35289411,Hypertrophy
45055,Barbell Row,Pull,55,12,660,79.22788822,Hypertrophy
45055,Barbell Bench Press,Push,50,8,400,62.08095356,Hypertrophy
45055,Barbell Bench Press,Push,50,10,500,66.68444919,Hypertrophy
45055,Barbell Bench Press,Push,50,10,500,66.68444919,Hypertrophy
45055,Barbell Bench Press,Push,50,12,600,72.02535292,Hypertrophy
45056,Barbell Squat,Legs,45,12,540,64.82281763,Hypertrophy
45056,Barbell Squat,Legs,55,10,550,73.35289411,Hypertrophy
45056,Barbell Squat,Legs,55,10,550,73.35289411,Hypertrophy
45056,Barbell Squat,Legs,55,10,550,73.35289411,Hypertrophy
45057,Barbell Overhead Press,Push,33,12,396,47.53673293,Hypertrophy
45057,Barbell Overhead Press,Push,38,12,456,54.73926822,Hypertrophy
45057,Barbell Overhead Press,Push,38,12,456,54.73926822,Hypertrophy
45057,Barbell Overhead Press,Push,43,8,344,53.38962006,Hypertrophy
45058,Barbell Deadlift,Hinge,95,8,760,117.9538118,Hypertrophy
45058,Barbell Deadlift,Hinge,95,8,760,117.9538118,Hypertrophy
45058,Barbell Deadlift,Hinge,95,10,950,126.7004535,Hypertrophy
45058,Barbell Deadlift,Hinge,95,10,950,126.7004535,Hypertrophy
45061,Barbell Row,Pull,55,10,550,73.35289411,Hypertrophy
45061,Barbell Row,Pull,55,10,550,73.35289411,Hypertrophy
45061,Barbell Row,Pull,55,12,660,79.22788822,Hypertrophy
45061,Barbell Row,Pull,55,12,660,79.22788822,Hypertrophy
45061,Barbell Bench Press,Push,50,10,500,66.68444919,Hypertrophy
45061,Barbell Bench Press,Push,50,10,500,66.68444919,Hypertrophy
45061,Barbell Bench Press,Push,50,12,600,72.02535292,Hypertrophy
45061,Barbell Bench Press,Push,50,12,600,72.02535292,Hypertrophy
45062,Barbell Squat,Legs,55,10,550,73.35289411,Hypertrophy
45062,Barbell Squat,Legs,65,8,520,80.70523963,Hypertrophy
45062,Barbell Squat,Legs,65,8,520,80.70523963,Hypertrophy
45062,Barbell Squat,Legs,65,8,520,80.70523963,Hypertrophy
45064,Barbell Overhead Press,Push,33,14,462,51.67554024,Hypertrophy
45064,Barbell Overhead Press,Push,38,10,380,50.68018138,Hypertrophy
45064,Barbell Overhead Press,Push,38,12,456,54.73926822,Hypertrophy
45064,Barbell Overhead Press,Push,38,12,456,54.73926822,Hypertrophy
45065,Barbell Deadlift,Hinge,75,12,900,108.0380294,Hypertrophy
45065,Barbell Deadlift,Hinge,95,8,760,117.9538118,Hypertrophy
45065,Barbell Deadlift,Hinge,95,8,760,117.9538118,Hypertrophy
45065,Barbell Deadlift,Hinge,95,10,950,126.7004535,Hypertrophy
45069,Barbell Row,Pull,55,10,550,73.35289411,Hypertrophy
45069,Barbell Row,Pull,55,12,660,79.22788822,Hypertrophy
45069,Barbell Row,Pull,55,12,660,79.22788822,Hypertrophy
45069,Barbell Row,Pull,60,10,600,80.02133902,Hypertrophy
45069,Barbell Bench Press,Push,45,12,540,64.82281763,Hypertrophy
45069,Barbell Bench Press,Push,50,8,400,62.08095356,Hypertrophy
45069,Barbell Bench Press,Push,50,10,500,66.68444919,Hypertrophy
45069,Barbell Bench Press,Push,50,12,600,72.02535292,Hypertrophy
45070,Barbell Squat,Legs,45,12,540,64.82281763,Hypertrophy
45070,Barbell Squat,Legs,55,8,440,68.28904892,Hypertrophy
45070,Barbell Squat,Legs,55,10,550,73.35289411,Hypertrophy
45070,Barbell Squat,Legs,55,12,660,79.22788822,Hypertrophy
45072,Barbell Overhead Press,Push,33,14,462,51.67554024,Hypertrophy
45072,Barbell Overhead Press,Push,38,10,380,50.68018138,Hypertrophy
45072,Barbell Overhead Press,Push,38,12,456,54.73926822,Hypertrophy
45072,Barbell Overhead Press,Push,38,14,532,59.50516755,Hypertrophy
45073,Barbell Squat,Legs,65,5,325,73.13231323,Hypertrophy
45073,Barbell Squat,Legs,65,6,390,75.49361208,Hypertrophy
45073,Barbell Squat,Legs,65,6,390,75.49361208,Hypertrophy
45073,Barbell Squat,Legs,65,7,455,78.012482,Hypertrophy
45073,Barbell Deadlift,Hinge,95,8,760,117.9538118,Hypertrophy
45073,Barbell Deadlift,Hinge,95,8,760,117.9538118,Hypertrophy
45073,Barbell Deadlift,Hinge,100,8,800,124.1619071,Hypertrophy
45073,Barbell Deadlift,Hinge,105,8,840,130.3700025,Hypertrophy
45076,Barbell Row,Pull,55,12,660,79.22788822,Hypertrophy
45076,Barbell Row,Pull,55,12,660,79.22788822,Hypertrophy
45076,Barbell Row,Pull,60,10,600,80.02133902,Hypertrophy
45076,Barbell Row,Pull,60,10,600,80.02133902,Hypertrophy
45076,Barbell Bench Press,Push,50,10,500,66.68444919,Hypertrophy
45076,Barbell Bench Press,Push,50,12,600,72.02535292,Hypertrophy
45076,Barbell Bench Press,Push,55,8,440,68.28904892,Hypertrophy
45076,Barbell Bench Press,Push,55,10,550,73.35289411,Hypertrophy
45077,Barbell Squat,Legs,55,8,440,68.28904892,Hypertrophy
45077,Barbell Squat,Legs,55,10,550,73.35289411,Hypertrophy
45077,Barbell Squat,Legs,55,12,660,79.22788822,Hypertrophy
45077,Barbell Squat,Legs,60,12,720,86.43042351,Hypertrophy
